fips,year,total
6001,1970,1072985
6001,1971,1087697
6001,1972,1098491
6001,1973,1095003
6001,1974,1098911
6001,1975,1107907
6001,1976,1105596
6001,1977,1106807
6001,1978,1109697
6001,1979,1103885
6001,1980,1109483
6001,1981,1126012
6001,1982,1141383
6001,1983,1160500
6001,1984,1177208
6001,1985,1196000
6001,1986,1215202
6001,1987,1228807
6001,1988,1250598
6001,1989,1270999
6001,1990,1276102
6001,1991,1293347
6001,1992,1312036
6001,1993,1324224
6001,1994,1330808
6001,1995,1335212
6001,1996,1345773
6001,1997,1376945
6001,1998,1401078
6001,1999,1423539
6001,2000,1448765
6001,2001,1465563
6001,2002,1468470
6001,2003,1467183
6001,2004,1465545
6001,2005,1459882
6001,2006,1464841
6001,2007,1476399
6001,2008,1491778
6001,2009,1503828
6001,2010,1515326
6001,2011,1532382
6001,2012,1554881
6001,2013,1578201
6001,2014,1601057
6001,2015,1621715
6001,2016,1637766
6001,2017,1651319
6001,2018,1662775
6001,2019,1679769
6001,2020,1696752
6001,2021,1713455
6001,2022,1730167
6001,2023,1746674
6001,2024,1763022
6001,2025,1779202
6001,2026,1795273
6001,2027,1811805
6001,2028,1828420
6001,2029,1844732
6001,2030,1861027
6001,2031,1877053
6001,2032,1892977
6001,2033,1908864
6001,2034,1924310
6001,2035,1939941
6001,2036,1955194
6001,2037,1970013
6001,2038,1984614
6001,2039,1999155
6001,2040,2013291
6001,2041,2027082
6001,2042,2040543
6001,2043,2053946
6001,2044,2066623
6001,2045,2079509
6001,2046,2091957
6001,2047,2104396
6001,2048,2116407
6001,2049,2128230
6001,2050,2139746
6003,1970,506
6003,1971,589
6003,1972,584
6003,1973,686
6003,1974,677
6003,1975,805
6003,1976,802
6003,1977,908
6003,1978,1001
6003,1979,1094
6003,1980,1097
6003,1981,1092
6003,1982,1091
6003,1983,1100
6003,1984,1111
6003,1985,1093
6003,1986,1109
6003,1987,1071
6003,1988,1106
6003,1989,1111
6003,1990,1083
6003,1991,1103
6003,1992,1122
6003,1993,1094
6003,1994,1095
6003,1995,1145
6003,1996,1201
6003,1997,1215
6003,1998,1171
6003,1999,1187
6003,2000,1203
6003,2001,1234
6003,2002,1249
6003,2003,1244
6003,2004,1263
6003,2005,1199
6003,2006,1249
6003,2007,1245
6003,2008,1206
6003,2009,1176
6003,2010,1175
6003,2011,1170
6003,2012,1166
6003,2013,1164
6003,2014,1161
6003,2015,1154
6003,2016,1151
6003,2017,1146
6003,2018,1141
6003,2019,1146
6003,2020,1152
6003,2021,1158
6003,2022,1164
6003,2023,1169
6003,2024,1175
6003,2025,1181
6003,2026,1187
6003,2027,1194
6003,2028,1199
6003,2029,1203
6003,2030,1209
6003,2031,1213
6003,2032,1217
6003,2033,1219
6003,2034,1219
6003,2035,1222
6003,2036,1222
6003,2037,1221
6003,2038,1222
6003,2039,1221
6003,2040,1221
6003,2041,1218
6003,2042,1216
6003,2043,1212
6003,2044,1208
6003,2045,1202
6003,2046,1196
6003,2047,1187
6003,2048,1181
6003,2049,1175
6003,2050,1169
6005,1970,11900
6005,1971,12785
6005,1972,12891
6005,1973,13896
6005,1974,14984
6005,1975,15185
6005,1976,15287
6005,1977,16302
6005,1978,17512
6005,1979,18709
6005,1980,19506
6005,1981,20062
6005,1982,20397
6005,1983,20800
6005,1984,21418
6005,1985,22178
6005,1986,22810
6005,1987,24011
6005,1988,26413
6005,1989,28326
6005,1990,30463
6005,1991,31639
6005,1992,32176
6005,1993,32861
6005,1994,33178
6005,1995,33367
6005,1996,33804
6005,1997,34485
6005,1998,34113
6005,1999,34797
6005,2000,35203
6005,2001,35781
6005,2002,36539
6005,2003,36780
6005,2004,37140
6005,2005,37723
6005,2006,37962
6005,2007,38080
6005,2008,37866
6005,2009,37899
6005,2010,37632
6005,2011,36928
6005,2012,36533
6005,2013,36169
6005,2014,36414
6005,2015,36395
6005,2016,36862
6005,2017,37405
6005,2018,38063
6005,2019,38270
6005,2020,38511
6005,2021,38771
6005,2022,39037
6005,2023,39299
6005,2024,39565
6005,2025,39822
6005,2026,40086
6005,2027,40332
6005,2028,40587
6005,2029,40809
6005,2030,41041
6005,2031,41249
6005,2032,41463
6005,2033,41655
6005,2034,41825
6005,2035,41983
6005,2036,42133
6005,2037,42269
6005,2038,42393
6005,2039,42513
6005,2040,42617
6005,2041,42718
6005,2042,42812
6005,2043,42913
6005,2044,43004
6005,2045,43088
6005,2046,43173
6005,2047,43267
6005,2048,43365
6005,2049,43473
6005,2050,43574
6007,1970,102530
6007,1971,106001
6007,1972,110397
6007,1973,113803
6007,1974,118101
6007,1975,120692
6007,1976,125000
6007,1977,130209
6007,1978,134495
6007,1979,138496
6007,1980,144850
6007,1981,148804
6007,1982,152507
6007,1983,154906
6007,1984,157609
6007,1985,161619
6007,1986,164398
6007,1987,168099
6007,1988,173389
6007,1989,176899
6007,1990,183214
6007,1991,187544
6007,1992,190720
6007,1993,192791
6007,1994,195305
6007,1995,197425
6007,1996,197750
6007,1997,199595
6007,1998,200345
6007,1999,201618
6007,2000,203445
6007,2001,205731
6007,2002,208154
6007,2003,210628
6007,2004,212208
6007,2005,213700
6007,2006,215679
6007,2007,217113
6007,2008,218484
6007,2009,219290
6007,2010,220202
6007,2011,220636
6007,2012,221823
6007,2013,222541
6007,2014,223978
6007,2015,224533
6007,2016,225094
6007,2017,226661
6007,2018,227837
6007,2019,229029
6007,2020,230282
6007,2021,231662
6007,2022,233198
6007,2023,234733
6007,2024,236345
6007,2025,237844
6007,2026,239500
6007,2027,241282
6007,2028,243057
6007,2029,244909
6007,2030,246880
6007,2031,248701
6007,2032,250487
6007,2033,252271
6007,2034,254100
6007,2035,255884
6007,2036,257683
6007,2037,259265
6007,2038,260897
6007,2039,262576
6007,2040,264271
6007,2041,265707
6007,2042,267257
6007,2043,268679
6007,2044,270188
6007,2045,271741
6007,2046,273401
6007,2047,274915
6007,2048,276436
6007,2049,278025
6007,2050,279618
6009,1970,13716
6009,1971,13805
6009,1972,14307
6009,1973,14820
6009,1974,15410
6009,1975,15440
6009,1976,16003
6009,1977,16993
6009,1978,18605
6009,1979,19906
6009,1980,20867
6009,1981,21683
6009,1982,22797
6009,1983,23505
6009,1984,24193
6009,1985,24982
6009,1986,26112
6009,1987,27594
6009,1988,28804
6009,1989,30622
6009,1990,32470
6009,1991,34488
6009,1992,35932
6009,1993,36694
6009,1994,37600
6009,1995,38349
6009,1996,38593
6009,1997,39917
6009,1998,39703
6009,1999,40314
6009,2000,40656
6009,2001,41430
6009,2002,42122
6009,2003,43178
6009,2004,43923
6009,2005,44771
6009,2006,45318
6009,2007,45636
6009,2008,45704
6009,2009,45563
6009,2010,45542
6009,2011,45399
6009,2012,45296
6009,2013,45117
6009,2014,45014
6009,2015,44907
6009,2016,44763
6009,2017,44656
6009,2018,44637
6009,2019,44742
6009,2020,44866
6009,2021,45013
6009,2022,45190
6009,2023,45382
6009,2024,45585
6009,2025,45782
6009,2026,45990
6009,2027,46229
6009,2028,46451
6009,2029,46662
6009,2030,46855
6009,2031,47038
6009,2032,47220
6009,2033,47368
6009,2034,47505
6009,2035,47626
6009,2036,47740
6009,2037,47839
6009,2038,47903
6009,2039,47978
6009,2040,48038
6009,2041,48087
6009,2042,48136
6009,2043,48188
6009,2044,48246
6009,2045,48296
6009,2046,48359
6009,2047,48412
6009,2048,48492
6009,2049,48566
6009,2050,48662
6011,1970,12372
6011,1971,12309
6011,1972,12307
6011,1973,12312
6011,1974,12599
6011,1975,12790
6011,1976,12964
6011,1977,12902
6011,1978,12882
6011,1979,13062
6011,1980,12856
6011,1981,13197
6011,1982,13808
6011,1983,14005
6011,1984,14021
6011,1985,14597
6011,1986,14786
6011,1987,14794
6011,1988,15309
6011,1989,15917
6011,1990,16291
6011,1991,16689
6011,1992,17003
6011,1993,17274
6011,1994,17529
6011,1995,17792
6011,1996,18121
6011,1997,18426
6011,1998,18440
6011,1999,18598
6011,2000,18881
6011,2001,19061
6011,2002,19397
6011,2003,19683
6011,2004,20185
6011,2005,20559
6011,2006,20895
6011,2007,21120
6011,2008,21167
6011,2009,21270
6011,2010,21465
6011,2011,21625
6011,2012,21800
6011,2013,22001
6011,2014,22177
6011,2015,22299
6011,2016,22476
6011,2017,22632
6011,2018,22744
6011,2019,22894
6011,2020,23048
6011,2021,23206
6011,2022,23369
6011,2023,23521
6011,2024,23672
6011,2025,23842
6011,2026,23995
6011,2027,24145
6011,2028,24302
6011,2029,24473
6011,2030,24641
6011,2031,24800
6011,2032,24964
6011,2033,25127
6011,2034,25294
6011,2035,25463
6011,2036,25619
6011,2037,25767
6011,2038,25912
6011,2039,26057
6011,2040,26186
6011,2041,26312
6011,2042,26448
6011,2043,26559
6011,2044,26666
6011,2045,26773
6011,2046,26877
6011,2047,26974
6011,2048,27067
6011,2049,27153
6011,2050,27238
6013,1970,557484
6013,1971,567708
6013,1972,572096
6013,1973,576222
6013,1974,579607
6013,1975,586577
6013,1976,602098
6013,1977,618190
6013,1978,632100
6013,1979,644696
6013,1980,658463
6013,1981,667200
6013,1982,678498
6013,1983,689703
6013,1984,698023
6013,1985,710902
6013,1986,725796
6013,1987,740814
6013,1988,760795
6013,1989,784990
6013,1990,806305
6013,1991,823652
6013,1992,840808
6013,1993,856378
6013,1994,865538
6013,1995,872792
6013,1996,883327
6013,1997,901920
6013,1998,919744
6013,1999,937192
6013,2000,953682
6013,2001,970503
6013,2002,978802
6013,2003,989709
6013,2004,998199
6013,2005,1004238
6013,2006,1010106
6013,2007,1021247
6013,2008,1033294
6013,2009,1043504
6013,2010,1051654
6013,2011,1064068
6013,2012,1076085
6013,2013,1091717
6013,2014,1104027
6013,2015,1118276
6013,2016,1130074
6013,2017,1138201
6013,2018,1145876
6013,2019,1158702
6013,2020,1171305
6013,2021,1183762
6013,2022,1196400
6013,2023,1209157
6013,2024,1221774
6013,2025,1234323
6013,2026,1246853
6013,2027,1259402
6013,2028,1271910
6013,2029,1284309
6013,2030,1296786
6013,2031,1309070
6013,2032,1321219
6013,2033,1333146
6013,2034,1344658
6013,2035,1356101
6013,2036,1366999
6013,2037,1377667
6013,2038,1387902
6013,2039,1397748
6013,2040,1407238
6013,2041,1416512
6013,2042,1425524
6013,2043,1433942
6013,2044,1442022
6013,2045,1450090
6013,2046,1457939
6013,2047,1465236
6013,2048,1472500
6013,2049,1479294
6013,2050,1486141
6015,1970,14590
6015,1971,15085
6015,1972,15309
6015,1973,15496
6015,1974,16009
6015,1975,16211
6015,1976,16253
6015,1977,16795
6015,1978,17584
6015,1979,17701
6015,1980,18218
6015,1981,18883
6015,1982,18710
6015,1983,18901
6015,1984,18794
6015,1985,19076
6015,1986,19489
6015,1987,19999
6015,1988,20926
6015,1989,20416
6015,1990,24423
6015,1991,26563
6015,1992,27240
6015,1993,27590
6015,1994,27820
6015,1995,27838
6015,1996,27774
6015,1997,28639
6015,1998,27931
6015,1999,27471
6015,2000,27449
6015,2001,27416
6015,2002,27609
6015,2003,27871
6015,2004,28178
6015,2005,28316
6015,2006,28275
6015,2007,28482
6015,2008,28565
6015,2009,28556
6015,2010,28391
6015,2011,28223
6015,2012,28015
6015,2013,27599
6015,2014,27250
6015,2015,27125
6015,2016,26992
6015,2017,26811
6015,2018,27275
6015,2019,27302
6015,2020,27327
6015,2021,27359
6015,2022,27400
6015,2023,27442
6015,2024,27487
6015,2025,27541
6015,2026,27587
6015,2027,27640
6015,2028,27703
6015,2029,27767
6015,2030,27829
6015,2031,27886
6015,2032,27954
6015,2033,28020
6015,2034,28081
6015,2035,28136
6015,2036,28188
6015,2037,28243
6015,2038,28300
6015,2039,28355
6015,2040,28407
6015,2041,28467
6015,2042,28511
6015,2043,28539
6015,2044,28574
6015,2045,28601
6015,2046,28630
6015,2047,28666
6015,2048,28700
6015,2049,28732
6015,2050,28780
6017,1970,44109
6017,1971,47204
6017,1972,49897
6017,1973,52689
6017,1974,56074
6017,1975,59393
6017,1976,61998
6017,1977,67591
6017,1978,74197
6017,1979,80927
6017,1980,86438
6017,1981,89297
6017,1982,92307
6017,1983,93306
6017,1984,95296
6017,1985,99073
6017,1986,102901
6017,1987,107609
6017,1988,113991
6017,1989,119718
6017,1990,127277
6017,1991,133084
6017,1992,136710
6017,1993,140827
6017,1994,142804
6017,1995,144880
6017,1996,147006
6017,1997,149751
6017,1998,151952
6017,1999,154534
6017,2000,158289
6017,2001,161889
6017,2002,164731
6017,2003,167674
6017,2004,170304
6017,2005,173181
6017,2006,175259
6017,2007,177197
6017,2008,178601
6017,2009,179704
6017,2010,181014
6017,2011,180972
6017,2012,181245
6017,2013,182708
6017,2014,182748
6017,2015,183358
6017,2016,184335
6017,2017,186556
6017,2018,188993
6017,2019,190343
6017,2020,191581
6017,2021,193042
6017,2022,194590
6017,2023,196261
6017,2024,197886
6017,2025,199521
6017,2026,201189
6017,2027,202946
6017,2028,204738
6017,2029,206598
6017,2030,208457
6017,2031,210305
6017,2032,212227
6017,2033,214040
6017,2034,215838
6017,2035,217619
6017,2036,219259
6017,2037,220852
6017,2038,222391
6017,2039,223889
6017,2040,225419
6017,2041,226970
6017,2042,228405
6017,2043,229670
6017,2044,231087
6017,2045,232294
6017,2046,233525
6017,2047,234934
6017,2048,236176
6017,2049,237290
6017,2050,238597
6019,1970,413830
6019,1971,423012
6019,1972,430996
6019,1973,434595
6019,1974,439889
6019,1975,452402
6019,1976,472185
6019,1977,485405
6019,1978,495506
6019,1979,504598
6019,1980,517343
6019,1981,529018
6019,1982,541613
6019,1983,555914
6019,1984,571295
6019,1985,582785
6019,1986,593293
6019,1987,609116
6019,1988,627485
6019,1989,648998
6019,1990,670259
6019,1991,695360
6019,1992,716135
6019,1993,730701
6019,1994,740905
6019,1995,755960
6019,1996,766336
6019,1997,774830
6019,1998,780250
6019,1999,789718
6019,2000,802214
6019,2001,814999
6019,2002,828633
6019,2003,845914
6019,2004,860225
6019,2005,871908
6019,2006,886376
6019,2007,899823
6019,2008,913237
6019,2009,923895
6019,2010,932508
6019,2011,941979
6019,2012,950480
6019,2013,960428
6019,2014,969688
6019,2015,980216
6019,2016,988985
6019,2017,1000143
6019,2018,1010926
6019,2019,1021394
6019,2020,1032052
6019,2021,1042966
6019,2022,1053783
6019,2023,1064617
6019,2024,1075446
6019,2025,1086466
6019,2026,1097473
6019,2027,1108703
6019,2028,1119821
6019,2029,1131436
6019,2030,1142991
6019,2031,1154389
6019,2032,1165642
6019,2033,1176980
6019,2034,1188332
6019,2035,1199925
6019,2036,1211290
6019,2037,1222234
6019,2038,1233176
6019,2039,1244240
6019,2040,1255116
6019,2041,1265769
6019,2042,1276292
6019,2043,1286849
6019,2044,1297082
6019,2045,1307315
6019,2046,1317462
6019,2047,1327578
6019,2048,1337479
6019,2049,1347442
6019,2050,1357492
6021,1970,17510
6021,1971,17708
6021,1972,18187
6021,1973,18697
6021,1974,19095
6021,1975,19293
6021,1976,19780
6021,1977,20179
6021,1978,20293
6021,1979,21002
6021,1980,21427
6021,1981,21980
6021,1982,22186
6021,1983,22698
6021,1984,22596
6021,1985,22922
6021,1986,22995
6021,1987,22989
6021,1988,23496
6021,1989,24224
6021,1990,24830
6021,1991,25307
6021,1992,25773
6021,1993,25871
6021,1994,25927
6021,1995,26372
6021,1996,26336
6021,1997,26436
6021,1998,26312
6021,1999,26306
6021,2000,26564
6021,2001,26612
6021,2002,26786
6021,2003,27161
6021,2004,27262
6021,2005,27527
6021,2006,27730
6021,2007,28015
6021,2008,28112
6021,2009,28059
6021,2010,28188
6021,2011,28373
6021,2012,28516
6021,2013,28710
6021,2014,28857
6021,2015,28965
6021,2016,29068
6021,2017,29205
6021,2018,29337
6021,2019,29459
6021,2020,29585
6021,2021,29730
6021,2022,29882
6021,2023,30049
6021,2024,30216
6021,2025,30386
6021,2026,30559
6021,2027,30732
6021,2028,30923
6021,2029,31111
6021,2030,31304
6021,2031,31491
6021,2032,31686
6021,2033,31876
6021,2034,32052
6021,2035,32233
6021,2036,32399
6021,2037,32563
6021,2038,32710
6021,2039,32843
6021,2040,32977
6021,2041,33118
6021,2042,33249
6021,2043,33374
6021,2044,33498
6021,2045,33618
6021,2046,33726
6021,2047,33827
6021,2048,33933
6021,2049,34034
6021,2050,34137
6023,1970,100160
6023,1971,101306
6023,1972,102414
6023,1973,104500
6023,1974,105822
6023,1975,106618
6023,1976,105688
6023,1977,106883
6023,1978,107372
6023,1979,107956
6023,1980,108812
6023,1981,110496
6023,1982,109895
6023,1983,109600
6023,1984,110206
6023,1985,110627
6023,1986,111686
6023,1987,112686
6023,1988,114681
6023,1989,116986
6023,1990,119357
6023,1991,121423
6023,1992,123358
6023,1993,124623
6023,1994,124460
6023,1995,124959
6023,1996,125326
6023,1997,126341
6023,1998,125444
6023,1999,126378
6023,2000,126668
6023,2001,127350
6023,2002,128758
6023,2003,130175
6023,2004,131248
6023,2005,131688
6023,2006,132218
6023,2007,132658
6023,2008,133203
6023,2009,133763
6023,2010,135000
6023,2011,135395
6023,2012,134893
6023,2013,135152
6023,2014,134822
6023,2015,135175
6023,2016,135978
6023,2017,135865
6023,2018,135627
6023,2019,136131
6023,2020,136621
6023,2021,137001
6023,2022,137368
6023,2023,137743
6023,2024,137957
6023,2025,138199
6023,2026,138504
6023,2027,138783
6023,2028,138984
6023,2029,139216
6023,2030,139393
6023,2031,139520
6023,2032,139648
6023,2033,139734
6023,2034,139960
6023,2035,140061
6023,2036,140119
6023,2037,140202
6023,2038,140180
6023,2039,140146
6023,2040,140243
6023,2041,140288
6023,2042,140187
6023,2043,140007
6023,2044,139926
6023,2045,139893
6023,2046,139906
6023,2047,139904
6023,2048,139818
6023,2049,139779
6023,2050,139759
6025,1970,74436
6025,1971,74999
6025,1972,76309
6025,1973,78508
6025,1974,81012
6025,1975,83405
6025,1976,84708
6025,1977,86696
6025,1978,88382
6025,1979,89787
6025,1980,92453
6025,1981,94143
6025,1982,95308
6025,1983,96424
6025,1984,96913
6025,1985,98583
6025,1986,99789
6025,1987,101310
6025,1988,103590
6025,1989,106102
6025,1990,110089
6025,1991,115216
6025,1992,122816
6025,1993,130166
6025,1994,133494
6025,1995,136166
6025,1996,138096
6025,1997,138995
6025,1998,139181
6025,1999,140812
6025,2000,143148
6025,2001,144722
6025,2002,147186
6025,2003,150914
6025,2004,153941
6025,2005,157660
6025,2006,162535
6025,2007,166885
6025,2008,170105
6025,2009,173242
6025,2010,175195
6025,2011,177747
6025,2012,179331
6025,2013,180397
6025,2014,182987
6025,2015,185048
6025,2016,186492
6025,2017,187943
6025,2018,189468
6025,2019,191457
6025,2020,193458
6025,2021,195589
6025,2022,197590
6025,2023,199707
6025,2024,201743
6025,2025,203962
6025,2026,206191
6025,2027,208369
6025,2028,210602
6025,2029,212871
6025,2030,215196
6025,2031,217569
6025,2032,220009
6025,2033,222321
6025,2034,224637
6025,2035,226945
6025,2036,229265
6025,2037,231453
6025,2038,233810
6025,2039,236108
6025,2040,238363
6025,2041,240597
6025,2042,242909
6025,2043,245276
6025,2044,247478
6025,2045,249642
6025,2046,251825
6025,2047,254016
6025,2048,256219
6025,2049,258324
6025,2050,260533
6027,1970,15565
6027,1971,16180
6027,1972,16696
6027,1973,16995
6027,1974,16997
6027,1975,17612
6027,1976,17770
6027,1977,17877
6027,1978,17884
6027,1979,18071
6027,1980,17894
6027,1981,17900
6027,1982,18389
6027,1983,18400
6027,1984,18096
6027,1985,18005
6027,1986,17800
6027,1987,17679
6027,1988,17905
6027,1989,18000
6027,1990,18215
6027,1991,18283
6027,1992,18303
6027,1993,18308
6027,1994,18456
6027,1995,18343
6027,1996,18369
6027,1997,18429
6027,1998,18337
6027,1999,18104
6027,2000,18121
6027,2001,18212
6027,2002,18408
6027,2003,18506
6027,2004,18566
6027,2005,18470
6027,2006,18418
6027,2007,18443
6027,2008,18382
6027,2009,18453
6027,2010,18547
6027,2011,18559
6027,2012,18584
6027,2013,18591
6027,2014,18650
6027,2015,18635
6027,2016,18628
6027,2017,18566
6027,2018,18526
6027,2019,18541
6027,2020,18550
6027,2021,18562
6027,2022,18576
6027,2023,18598
6027,2024,18613
6027,2025,18629
6027,2026,18645
6027,2027,18670
6027,2028,18691
6027,2029,18709
6027,2030,18736
6027,2031,18766
6027,2032,18789
6027,2033,18814
6027,2034,18834
6027,2035,18848
6027,2036,18857
6027,2037,18863
6027,2038,18868
6027,2039,18864
6027,2040,18855
6027,2041,18843
6027,2042,18830
6027,2043,18806
6027,2044,18778
6027,2045,18754
6027,2046,18712
6027,2047,18664
6027,2048,18604
6027,2049,18540
6027,2050,18476
6029,1970,331092
6029,1971,338596
6029,1972,343410
6029,1973,346406
6029,1974,349792
6029,1975,361802
6029,1976,363901
6029,1977,373596
6029,1978,383601
6029,1979,393392
6029,1980,406094
6029,1981,419035
6029,1982,433633
6029,1983,446886
6029,1984,459212
6029,1985,473803
6029,1986,485890
6029,1987,497906
6029,1988,511210
6029,1989,525089
6029,1990,547998
6029,1991,571690
6029,1992,590450
6029,1993,601637
6029,1994,612154
6029,1995,618961
6029,1996,625820
6029,1997,635802
6029,1998,640623
6029,1999,653368
6029,2000,664378
6029,2001,679671
6029,2002,696503
6029,2003,717798
6029,2004,740022
6029,2005,761977
6029,2006,786231
6029,2007,805796
6029,2008,819889
6029,2009,831134
6029,2010,841576
6029,2011,849617
6029,2012,857941
6029,2013,869359
6029,2014,876726
6029,2015,883799
6029,2016,888208
6029,2017,897949
6029,2018,907518
6029,2019,917635
6029,2020,928308
6029,2021,939794
6029,2022,952122
6029,2023,964642
6029,2024,977772
6029,2025,991224
6029,2026,1005060
6029,2027,1019060
6029,2028,1033272
6029,2029,1047598
6029,2030,1062325
6029,2031,1077413
6029,2032,1092238
6029,2033,1107134
6029,2034,1121696
6029,2035,1136697
6029,2036,1151612
6029,2037,1166221
6029,2038,1180519
6029,2039,1194856
6029,2040,1209384
6029,2041,1223775
6029,2042,1238005
6029,2043,1251900
6029,2044,1265827
6029,2045,1279810
6029,2046,1293460
6029,2047,1307151
6029,2048,1320643
6029,2049,1334341
6029,2050,1347646
6031,1970,66727
6031,1971,67415
6031,1972,67706
6031,1973,68904
6031,1974,68110
6031,1975,69381
6031,1976,70683
6031,1977,72099
6031,1978,73088
6031,1979,73282
6031,1980,74116
6031,1981,75795
6031,1982,77815
6031,1983,80287
6031,1984,81913
6031,1985,83904
6031,1986,84501
6031,1987,86198
6031,1988,92792
6031,1989,98307
6031,1990,101853
6031,1991,105824
6031,1992,108709
6031,1993,111455
6031,1994,113772
6031,1995,115859
6031,1996,116185
6031,1997,117891
6031,1998,123411
6031,1999,127432
6031,2000,129761
6031,2001,132439
6031,2002,134659
6031,2003,138776
6031,2004,142620
6031,2005,144602
6031,2006,147500
6031,2007,150372
6031,2008,151841
6031,2009,151792
6031,2010,152166
6031,2011,151441
6031,2012,150047
6031,2013,150499
6031,2014,149581
6031,2015,149906
6031,2016,149312
6031,2017,150992
6031,2018,153540
6031,2019,155082
6031,2020,156711
6031,2021,158280
6031,2022,159881
6031,2023,161439
6031,2024,163063
6031,2025,164632
6031,2026,166236
6031,2027,167861
6031,2028,169509
6031,2029,171110
6031,2030,172768
6031,2031,174438
6031,2032,176177
6031,2033,177763
6031,2034,179498
6031,2035,181218
6031,2036,182950
6031,2037,184725
6031,2038,186380
6031,2039,188042
6031,2040,189797
6031,2041,191623
6031,2042,193292
6031,2043,194859
6031,2044,196446
6031,2045,198042
6031,2046,199708
6031,2047,201232
6031,2048,202806
6031,2049,204379
6031,2050,205899
6033,1970,19749
6033,1971,21100
6033,1972,22479
6033,1973,23697
6033,1974,24905
6033,1975,26110
6033,1976,28103
6033,1977,29887
6033,1978,32389
6033,1979,34731
6033,1980,36744
6033,1981,38587
6033,1982,39886
6033,1983,41686
6033,1984,43814
6033,1985,45633
6033,1986,46267
6033,1987,47305
6033,1988,48210
6033,1989,49240
6033,1990,50959
6033,1991,53048
6033,1992,54465
6033,1993,55451
6033,1994,56058
6033,1995,56630
6033,1996,56631
6033,1997,57008
6033,1998,56937
6033,1999,57667
6033,2000,58482
6033,2001,60041
6033,2002,61007
6033,2003,61980
6033,2004,62628
6033,2005,63108
6033,2006,63787
6033,2007,63986
6033,2008,64372
6033,2009,64383
6033,2010,64954
6033,2011,64823
6033,2012,64929
6033,2013,64944
6033,2014,65195
6033,2015,64859
6033,2016,64584
6033,2017,64930
6033,2018,65170
6033,2019,65252
6033,2020,65361
6033,2021,65493
6033,2022,65660
6033,2023,65833
6033,2024,66042
6033,2025,66253
6033,2026,66471
6033,2027,66718
6033,2028,66982
6033,2029,67239
6033,2030,67513
6033,2031,67794
6033,2032,68070
6033,2033,68352
6033,2034,68631
6033,2035,68897
6033,2036,69163
6033,2037,69410
6033,2038,69676
6033,2039,69948
6033,2040,70213
6033,2041,70488
6033,2042,70771
6033,2043,71041
6033,2044,71325
6033,2045,71620
6033,2046,71927
6033,2047,72236
6033,2048,72551
6033,2049,72880
6033,2050,73211
6035,1970,16920
6035,1971,16798
6035,1972,17497
6035,1973,17628
6035,1974,18277
6035,1975,18806
6035,1976,18587
6035,1977,19290
6035,1978,19900
6035,1979,21212
6035,1980,21777
6035,1981,22588
6035,1982,23509
6035,1983,23680
6035,1984,24099
6035,1985,24319
6035,1986,24916
6035,1987,26500
6035,1988,27178
6035,1989,26892
6035,1990,27688
6035,1991,28236
6035,1992,28408
6035,1993,28699
6035,1994,28677
6035,1995,28868
6035,1996,32266
6035,1997,33987
6035,1998,33491
6035,1999,33631
6035,2000,33870
6035,2001,33648
6035,2002,33602
6035,2003,34053
6035,2004,34575
6035,2005,34530
6035,2006,35009
6035,2007,35750
6035,2008,35116
6035,2009,34774
6035,2010,34790
6035,2011,34525
6035,2012,33022
6035,2013,32347
6035,2014,31878
6035,2015,30987
6035,2016,30594
6035,2017,30604
6035,2018,30563
6035,2019,30560
6035,2020,30561
6035,2021,30545
6035,2022,30524
6035,2023,30490
6035,2024,30460
6035,2025,30427
6035,2026,30383
6035,2027,30338
6035,2028,30278
6035,2029,30203
6035,2030,30129
6035,2031,30045
6035,2032,29958
6035,2033,29879
6035,2034,29789
6035,2035,29705
6035,2036,29607
6035,2037,29530
6035,2038,29448
6035,2039,29353
6035,2040,29256
6035,2041,29155
6035,2042,29051
6035,2043,28955
6035,2044,28860
6035,2045,28771
6035,2046,28676
6035,2047,28588
6035,2048,28511
6035,2049,28427
6035,2050,28347
6037,1970,7055793
6037,1971,7092010
6037,1972,7072098
6037,1973,7084804
6037,1974,7124499
6037,1975,7191294
6037,1976,7243389
6037,1977,7258199
6037,1978,7338595
6037,1979,7389594
6037,1980,7500308
6037,1981,7607117
6037,1982,7766309
6037,1983,7921906
6037,1984,8044402
6037,1985,8190891
6037,1986,8373119
6037,1987,8527394
6037,1988,8639399
6037,1989,8768685
6037,1990,8860302
6037,1991,8955322
6037,1992,9060253
6037,1993,9083688
6037,1994,9106495
6037,1995,9101127
6037,1996,9108069
6037,1997,9185566
6037,1998,9265805
6037,1999,9394314
6037,2000,9543982
6037,2001,9635792
6037,2002,9722446
6037,2003,9791020
6037,2004,9822509
6037,2005,9809559
6037,2006,9787329
6037,2007,9773898
6037,2008,9796810
6037,2009,9805233
6037,2010,9838592
6037,2011,9902197
6037,2012,9990748
6037,2013,10067904
6037,2014,10126977
6037,2015,10181066
6037,2016,10215207
6037,2017,10261736
6037,2018,10278836
6037,2019,10324698
6037,2020,10369367
6037,2021,10412426
6037,2022,10454705
6037,2023,10496227
6037,2024,10536505
6037,2025,10575740
6037,2026,10614469
6037,2027,10651841
6037,2028,10688822
6037,2029,10724508
6037,2030,10759850
6037,2031,10794349
6037,2032,10826772
6037,2033,10857343
6037,2034,10886785
6037,2035,10915099
6037,2036,10940575
6037,2037,10965353
6037,2038,10988329
6037,2039,11009670
6037,2040,11028991
6037,2041,11046776
6037,2042,11063383
6037,2043,11079070
6037,2044,11091953
6037,2045,11103001
6037,2046,11113657
6037,2047,11122202
6037,2048,11128710
6037,2049,11134929
6037,2050,11137723
6039,1970,41688
6039,1971,43220
6039,1972,44415
6039,1973,45292
6039,1974,47414
6039,1975,48701
6039,1976,49971
6039,1977,53292
6039,1978,56271
6039,1979,60300
6039,1980,63861
6039,1981,67109
6039,1982,68919
6039,1983,71002
6039,1984,72817
6039,1985,74778
6039,1986,75999
6039,1987,78592
6039,1988,81289
6039,1989,82997
6039,1990,88492
6039,1991,95254
6039,1992,99783
6039,1993,104831
6039,1994,107673
6039,1995,109923
6039,1996,113380
6039,1997,117297
6039,1998,118925
6039,1999,121711
6039,2000,124267
6039,2001,126456
6039,2002,128485
6039,2003,132813
6039,2004,136488
6039,2005,139870
6039,2006,143526
6039,2007,146809
6039,2008,149111
6039,2009,150150
6039,2010,150144
6039,2011,151491
6039,2012,150790
6039,2013,152391
6039,2014,154032
6039,2015,154704
6039,2016,155384
6039,2017,156915
6039,2018,158259
6039,2019,160252
6039,2020,162293
6039,2021,164455
6039,2022,166600
6039,2023,168875
6039,2024,171195
6039,2025,173508
6039,2026,175821
6039,2027,178107
6039,2028,180565
6039,2029,183063
6039,2030,185579
6039,2031,188152
6039,2032,190749
6039,2033,193365
6039,2034,195850
6039,2035,198452
6039,2036,200918
6039,2037,203502
6039,2038,206076
6039,2039,208613
6039,2040,211217
6039,2041,213767
6039,2042,216252
6039,2043,218894
6039,2044,221356
6039,2045,223835
6039,2046,226225
6039,2047,228742
6039,2048,231182
6039,2049,233717
6039,2050,236257
6041,1970,206968
6041,1971,210996
6041,1972,212400
6041,1973,215208
6041,1974,214198
6041,1975,219507
6041,1976,221289
6041,1977,223905
6041,1978,223884
6041,1979,222908
6041,1980,222687
6041,1981,223409
6041,1982,222604
6041,1983,222596
6041,1984,221185
6041,1985,220194
6041,1986,221405
6041,1987,221793
6041,1988,223000
6041,1989,226985
6041,1990,229861
6041,1991,233051
6041,1992,235667
6041,1993,236992
6041,1994,237678
6041,1995,238389
6041,1996,237860
6041,1997,241359
6041,1998,242559
6041,1999,244893
6041,2000,247423
6041,2001,247722
6041,2002,247380
6041,2003,247285
6041,2004,246680
6041,2005,246686
6041,2006,247240
6041,2007,248801
6041,2008,250284
6041,2009,251230
6041,2010,252290
6041,2011,254510
6041,2012,255966
6041,2013,259083
6041,2014,261128
6041,2015,261641
6041,2016,262495
6041,2017,262092
6041,2018,262224
6041,2019,262649
6041,2020,263085
6041,2021,263540
6041,2022,263976
6041,2023,264464
6041,2024,264937
6041,2025,265334
6041,2026,265759
6041,2027,266310
6041,2028,266850
6041,2029,267384
6041,2030,267912
6041,2031,268429
6041,2032,268968
6041,2033,269492
6041,2034,269993
6041,2035,270544
6041,2036,270950
6041,2037,271293
6041,2038,271443
6041,2039,271633
6041,2040,271840
6041,2041,271959
6041,2042,272059
6041,2043,272010
6041,2044,271746
6041,2045,271529
6041,2046,271362
6041,2047,271117
6041,2048,270835
6041,2049,270377
6041,2050,269929
6043,1970,6055
6043,1971,6471
6043,1972,6969
6043,1973,7478
6043,1974,7982
6043,1975,8432
6043,1976,8803
6043,1977,9324
6043,1978,9816
6043,1979,10622
6043,1980,11180
6043,1981,11487
6043,1982,11686
6043,1983,11884
6043,1984,12184
6043,1985,12535
6043,1986,12706
6043,1987,12906
6043,1988,13305
6043,1989,13624
6043,1990,14425
6043,1991,15020
6043,1992,15631
6043,1993,16031
6043,1994,16306
6043,1995,16438
6043,1996,16544
6043,1997,16724
6043,1998,16902
6043,1999,16993
6043,2000,17060
6043,2001,17268
6043,2002,17465
6043,2003,17759
6043,2004,17874
6043,2005,18061
6043,2006,18243
6043,2007,18378
6043,2008,18391
6043,2009,18283
6043,2010,18245
6043,2011,18241
6043,2012,18224
6043,2013,18157
6043,2014,18135
6043,2015,18086
6043,2016,18066
6043,2017,17992
6043,2018,17918
6043,2019,17927
6043,2020,17947
6043,2021,17970
6043,2022,17995
6043,2023,18028
6043,2024,18071
6043,2025,18112
6043,2026,18152
6043,2027,18202
6043,2028,18261
6043,2029,18320
6043,2030,18376
6043,2031,18437
6043,2032,18492
6043,2033,18547
6043,2034,18591
6043,2035,18631
6043,2036,18672
6043,2037,18705
6043,2038,18731
6043,2039,18758
6043,2040,18779
6043,2041,18797
6043,2042,18822
6043,2043,18843
6043,2044,18857
6043,2045,18876
6043,2046,18901
6043,2047,18933
6043,2048,18955
6043,2049,18976
6043,2050,19003
6045,1970,51262
6045,1971,52423
6045,1972,53303
6045,1973,55684
6045,1974,57307
6045,1975,57990
6045,1976,59300
6045,1977,61285
6045,1978,63205
6045,1979,65183
6045,1980,66974
6045,1981,68500
6045,1982,69815
6045,1983,70813
6045,1984,71809
6045,1985,73419
6045,1986,74475
6045,1987,75599
6045,1988,76808
6045,1989,78493
6045,1990,80581
6045,1991,81824
6045,1992,82381
6045,1993,82980
6045,1994,83356
6045,1995,83739
6045,1996,84281
6045,1997,85296
6045,1998,85213
6045,1999,85843
6045,2000,86510
6045,2001,87145
6045,2002,87505
6045,2003,88013
6045,2004,88241
6045,2005,88014
6045,2006,87585
6045,2007,87649
6045,2008,87782
6045,2009,87568
6045,2010,87674
6045,2011,87251
6045,2012,88011
6045,2013,88192
6045,2014,88485
6045,2015,88315
6045,2016,88766
6045,2017,89071
6045,2018,89027
6045,2019,89399
6045,2020,89778
6045,2021,90136
6045,2022,90493
6045,2023,90835
6045,2024,91169
6045,2025,91502
6045,2026,91825
6045,2027,92133
6045,2028,92437
6045,2029,92723
6045,2030,92995
6045,2031,93263
6045,2032,93520
6045,2033,93739
6045,2034,93931
6045,2035,94109
6045,2036,94255
6045,2037,94367
6045,2038,94445
6045,2039,94541
6045,2040,94607
6045,2041,94661
6045,2042,94673
6045,2043,94700
6045,2044,94720
6045,2045,94741
6045,2046,94742
6045,2047,94721
6045,2048,94720
6045,2049,94752
6045,2050,94764
6047,1970,104973
6047,1971,108510
6047,1972,110497
6047,1973,113197
6047,1974,117210
6047,1975,118876
6047,1976,122202
6047,1977,125494
6047,1978,128717
6047,1979,131584
6047,1980,135458
6047,1981,139784
6047,1982,143016
6047,1983,147978
6047,1984,152114
6047,1985,157010
6047,1986,159492
6047,1987,162901
6047,1988,167813
6047,1989,172007
6047,1990,179397
6047,1991,186245
6047,1992,190319
6047,1993,194755
6047,1994,198435
6047,1995,198983
6047,1996,198098
6047,1997,201993
6047,1998,204328
6047,1999,207438
6047,2000,211110
6047,2001,217323
6047,2002,222738
6047,2003,229181
6047,2004,235548
6047,2005,240599
6047,2006,245555
6047,2007,249537
6047,2008,251933
6047,2009,254128
6047,2010,256813
6047,2011,260117
6047,2012,262971
6047,2013,265117
6047,2014,267710
6047,2015,269917
6047,2016,272268
6047,2017,276611
6047,2018,280772
6047,2019,284273
6047,2020,288021
6047,2021,291741
6047,2022,295483
6047,2023,299365
6047,2024,303383
6047,2025,307356
6047,2026,311392
6047,2027,315677
6047,2028,319822
6047,2029,323858
6047,2030,328002
6047,2031,332344
6047,2032,336550
6047,2033,340852
6047,2034,345038
6047,2035,349484
6047,2036,353793
6047,2037,358181
6047,2038,362462
6047,2039,366811
6047,2040,371117
6047,2041,375234
6047,2042,379478
6047,2043,383842
6047,2044,387869
6047,2045,392049
6047,2046,396217
6047,2047,400270
6047,2048,404427
6047,2049,408433
6047,2050,412406
6049,1970,7477
6049,1971,7704
6049,1972,7816
6049,1973,7810
6049,1974,7978
6049,1975,7868
6049,1976,7864
6049,1977,8174
6049,1978,8189
6049,1979,8374
6049,1980,8666
6049,1981,8990
6049,1982,9188
6049,1983,9390
6049,1984,9512
6049,1985,9420
6049,1986,9188
6049,1987,9199
6049,1988,9206
6049,1989,9421
6049,1990,9687
6049,1991,9748
6049,1992,9940
6049,1993,9951
6049,1994,10037
6049,1995,9973
6049,1996,9916
6049,1997,10006
6049,1998,9628
6049,1999,9410
6049,2000,9511
6049,2001,9429
6049,2002,9404
6049,2003,9515
6049,2004,9601
6049,2005,9584
6049,2006,9637
6049,2007,9593
6049,2008,9614
6049,2009,9632
6049,2010,9688
6049,2011,9682
6049,2012,9633
6049,2013,9610
6049,2014,9585
6049,2015,9542
6049,2016,9502
6049,2017,9488
6049,2018,9505
6049,2019,9523
6049,2020,9541
6049,2021,9556
6049,2022,9570
6049,2023,9581
6049,2024,9587
6049,2025,9588
6049,2026,9589
6049,2027,9585
6049,2028,9571
6049,2029,9563
6049,2030,9546
6049,2031,9517
6049,2032,9495
6049,2033,9474
6049,2034,9447
6049,2035,9417
6049,2036,9391
6049,2037,9360
6049,2038,9326
6049,2039,9292
6049,2040,9255
6049,2041,9214
6049,2042,9178
6049,2043,9137
6049,2044,9095
6049,2045,9060
6049,2046,9019
6049,2047,8981
6049,2048,8951
6049,2049,8916
6049,2050,8888
6051,1970,4063
6051,1971,4775
6051,1972,5678
6051,1973,6470
6051,1974,7023
6051,1975,7226
6051,1976,7189
6051,1977,7408
6051,1978,7608
6051,1979,8208
6051,1980,8680
6051,1981,8902
6051,1982,9284
6051,1983,9180
6051,1984,8804
6051,1985,8808
6051,1986,8808
6051,1987,8913
6051,1988,9121
6051,1989,9315
6051,1990,10068
6051,1991,10248
6051,1992,10499
6051,1993,10996
6051,1994,11421
6051,1995,11396
6051,1996,11684
6051,1997,11859
6051,1998,12098
6051,1999,12590
6051,2000,12856
6051,2001,13214
6051,2002,13385
6051,2003,13582
6051,2004,13723
6051,2005,13804
6051,2006,14144
6051,2007,14207
6051,2008,14069
6051,2009,14077
6051,2010,14025
6051,2011,14297
6051,2012,14137
6051,2013,13950
6051,2014,13980
6051,2015,13888
6051,2016,13805
6051,2017,13846
6051,2018,13887
6051,2019,13962
6051,2020,14046
6051,2021,14124
6051,2022,14209
6051,2023,14297
6051,2024,14375
6051,2025,14448
6051,2026,14521
6051,2027,14592
6051,2028,14656
6051,2029,14709
6051,2030,14767
6051,2031,14821
6051,2032,14871
6051,2033,14906
6051,2034,14936
6051,2035,14966
6051,2036,14997
6051,2037,15018
6051,2038,15037
6051,2039,15045
6051,2040,15048
6051,2041,15043
6051,2042,15045
6051,2043,15034
6051,2044,15018
6051,2045,14999
6051,2046,14977
6051,2047,14946
6051,2048,14911
6051,2049,14867
6051,2050,14823
6053,1970,247820
6053,1971,252895
6053,1972,256292
6053,1973,261204
6053,1974,265481
6053,1975,270938
6053,1976,271392
6053,1977,279599
6053,1978,281096
6053,1979,286506
6053,1980,292089
6053,1981,299910
6053,1982,306604
6053,1983,314407
6053,1984,321722
6053,1985,327411
6053,1986,333711
6053,1987,338418
6053,1988,342999
6053,1989,346586
6053,1990,356801
6053,1991,365664
6053,1992,372307
6053,1993,372713
6053,1994,359913
6053,1995,360334
6053,1996,360725
6053,1997,379333
6053,1998,386422
6053,1999,394640
6053,2000,402852
6053,2001,406264
6053,2002,408597
6053,2003,411948
6053,2004,411119
6053,2005,407981
6053,2006,405877
6053,2007,407894
6053,2008,410877
6053,2009,413587
6053,2010,414945
6053,2011,419448
6053,2012,423950
6053,2013,426955
6053,2014,429798
6053,2015,435343
6053,2016,439739
6053,2017,442196
6053,2018,443819
6053,2019,447464
6053,2020,451001
6053,2021,454430
6053,2022,457999
6053,2023,461275
6053,2024,464723
6053,2025,467924
6053,2026,471107
6053,2027,474285
6053,2028,477511
6053,2029,480682
6053,2030,483740
6053,2031,486786
6053,2032,489652
6053,2033,492711
6053,2034,495517
6053,2035,498548
6053,2036,501329
6053,2037,504144
6053,2038,506805
6053,2039,509337
6053,2040,511804
6053,2041,514380
6053,2042,517019
6053,2043,519280
6053,2044,521480
6053,2045,523691
6053,2046,525645
6053,2047,527588
6053,2048,529517
6053,2049,531250
6053,2050,532956
6055,1970,79371
6055,1971,81217
6055,1972,83905
6055,1973,86104
6055,1974,88892
6055,1975,90610
6055,1976,92876
6055,1977,95199
6055,1978,97377
6055,1979,98382
6055,1980,99244
6055,1981,99923
6055,1982,101313
6055,1983,101690
6055,1984,102017
6055,1985,102879
6055,1986,104090
6055,1987,104802
6055,1988,106080
6055,1989,108080
6055,1990,111008
6055,1991,112479
6055,1992,114452
6055,1993,115698
6055,1994,116356
6055,1995,117249
6055,1996,118201
6055,1997,120030
6055,1998,121041
6055,1999,122831
6055,2000,124600
6055,2001,126180
6055,2002,127941
6055,2003,129426
6055,2004,130202
6055,2005,130742
6055,2006,131926
6055,2007,133155
6055,2008,134788
6055,2009,135661
6055,2010,136295
6055,2011,137238
6055,2012,138660
6055,2013,139490
6055,2014,140629
6055,2015,141243
6055,2016,141524
6055,2017,141205
6055,2018,140491
6055,2019,141105
6055,2020,141701
6055,2021,142316
6055,2022,142908
6055,2023,143623
6055,2024,144365
6055,2025,145085
6055,2026,145859
6055,2027,146734
6055,2028,147571
6055,2029,148467
6055,2030,149289
6055,2031,150215
6055,2032,151158
6055,2033,151986
6055,2034,152818
6055,2035,153636
6055,2036,154314
6055,2037,155157
6055,2038,155800
6055,2039,156569
6055,2040,157217
6055,2041,157802
6055,2042,158333
6055,2043,158746
6055,2044,159248
6055,2045,159728
6055,2046,160129
6055,2047,160642
6055,2048,161027
6055,2049,161358
6055,2050,161676
6057,1970,26536
6057,1971,27105
6057,1972,28783
6057,1973,30505
6057,1974,32294
6057,1975,34056
6057,1976,36916
6057,1977,40414
6057,1978,44515
6057,1979,48234
6057,1980,52462
6057,1981,55975
6057,1982,58793
6057,1983,60383
6057,1984,62294
6057,1985,64718
6057,1986,67105
6057,1987,69896
6057,1988,72819
6057,1989,75328
6057,1990,79003
6057,1991,82082
6057,1992,83508
6057,1993,84824
6057,1994,85783
6057,1995,87050
6057,1996,88107
6057,1997,89354
6057,1998,90318
6057,1999,90909
6057,2000,91875
6057,2001,93511
6057,2002,94576
6057,2003,95971
6057,2004,97107
6057,2005,97799
6057,2006,98335
6057,2007,98484
6057,2008,98687
6057,2009,98434
6057,2010,98531
6057,2011,98426
6057,2012,98088
6057,2013,97918
6057,2014,98412
6057,2015,98211
6057,2016,98348
6057,2017,98554
6057,2018,98719
6057,2019,99133
6057,2020,99578
6057,2021,100044
6057,2022,100528
6057,2023,101059
6057,2024,101585
6057,2025,102163
6057,2026,102802
6057,2027,103453
6057,2028,104006
6057,2029,104611
6057,2030,105214
6057,2031,105853
6057,2032,106479
6057,2033,106991
6057,2034,107622
6057,2035,108248
6057,2036,108763
6057,2037,109313
6057,2038,109791
6057,2039,110239
6057,2040,110640
6057,2041,111109
6057,2042,111631
6057,2043,112073
6057,2044,112481
6057,2045,112899
6057,2046,113260
6057,2047,113639
6057,2048,114026
6057,2049,114469
6057,2050,114899
6059,1970,1431878
6059,1971,1486294
6059,1972,1534912
6059,1973,1601799
6059,1974,1669708
6059,1975,1713399
6059,1976,1752104
6059,1977,1811009
6059,1978,1854292
6059,1979,1896402
6059,1980,1944825
6059,1981,2003889
6059,1982,2043507
6059,1983,2086016
6059,1984,2119093
6059,1985,2166314
6059,1986,2218416
6059,1987,2268303
6059,1988,2316488
6059,1989,2372397
6059,1990,2411968
6059,1991,2458780
6059,1992,2511762
6059,1993,2550387
6059,1994,2575709
6059,1995,2604527
6059,1996,2646093
6059,1997,2699577
6059,1998,2749551
6059,1999,2802799
6059,2000,2853897
6059,2001,2889905
6059,2002,2914440
6059,2003,2939721
6059,2004,2956484
6059,2005,2957150
6059,2006,2955431
6059,2007,2965821
6059,2008,2982789
6059,2009,2998824
6059,2010,3014684
6059,2011,3049097
6059,2012,3084336
6059,2013,3115335
6059,2014,3139814
6059,2015,3164230
6059,2016,3181654
6059,2017,3205855
6059,2018,3216817
6059,2019,3236920
6059,2020,3257087
6059,2021,3276297
6059,2022,3295377
6059,2023,3313836
6059,2024,3331840
6059,2025,3349664
6059,2026,3366949
6059,2027,3383658
6059,2028,3400168
6059,2029,3415993
6059,2030,3431096
6059,2031,3446363
6059,2032,3460820
6059,2033,3474610
6059,2034,3488309
6059,2035,3501088
6059,2036,3513159
6059,2037,3524401
6059,2038,3535435
6059,2039,3545722
6059,2040,3555257
6059,2041,3564119
6059,2042,3572365
6059,2043,3580323
6059,2044,3587248
6059,2045,3593505
6059,2046,3599502
6059,2047,3604989
6059,2048,3609955
6059,2049,3614480
6059,2050,3617800
6061,1970,77975
6061,1971,79698
6061,1972,82002
6061,1973,85313
6061,1974,89000
6061,1975,91275
6061,1976,95091
6061,1977,100667
6061,1978,107294
6061,1979,113508
6061,1980,118321
6061,1981,123014
6061,1982,127107
6061,1983,129789
6061,1984,134116
6061,1985,138777
6061,1986,144188
6061,1987,150589
6061,1988,157390
6061,1989,164612
6061,1990,174890
6061,1991,183636
6061,1992,190811
6061,1993,197169
6061,1994,202778
6061,1995,211555
6061,1996,218504
6061,1997,226099
6061,1998,233313
6061,1999,243373
6061,2000,251728
6061,2001,264927
6061,2002,276821
6061,2003,290654
6061,2004,302812
6061,2005,312636
6061,2006,322272
6061,2007,329722
6061,2008,337917
6061,2009,344076
6061,2010,350059
6061,2011,355360
6061,2012,359721
6061,2013,364744
6061,2014,368423
6061,2015,371548
6061,2016,376589
6061,2017,382977
6061,2018,389047
6061,2019,394114
6061,2020,399388
6061,2021,404669
6061,2022,410319
6061,2023,415990
6061,2024,421656
6061,2025,427351
6061,2026,433020
6061,2027,438788
6061,2028,444509
6061,2029,450356
6061,2030,456175
6061,2031,461831
6061,2032,467734
6061,2033,473704
6061,2034,479320
6061,2035,484870
6061,2036,490296
6061,2037,495570
6061,2038,500631
6061,2039,505691
6061,2040,510821
6061,2041,515597
6061,2042,520322
6061,2043,525114
6061,2044,529800
6061,2045,534388
6061,2046,538616
6061,2047,542868
6061,2048,546999
6061,2049,551163
6061,2050,555254
6063,1970,11705
6063,1971,12031
6063,1972,12611
6063,1973,13405
6063,1974,13798
6063,1975,14067
6063,1976,14291
6063,1977,15073
6063,1978,15678
6063,1979,16692
6063,1980,17343
6063,1981,17792
6063,1982,18194
6063,1983,17995
6063,1984,18107
6063,1985,18632
6063,1986,18679
6063,1987,18990
6063,1988,19298
6063,1989,19293
6063,1990,19781
6063,1991,20169
6063,1992,20783
6063,1993,20884
6063,1994,20819
6063,1995,20809
6063,1996,20696
6063,1997,20975
6063,1998,20808
6063,1999,20747
6063,2000,20658
6063,2001,20698
6063,2002,20697
6063,2003,20743
6063,2004,20900
6063,2005,20854
6063,2006,20709
6063,2007,20593
6063,2008,20373
6063,2009,20059
6063,2010,19982
6063,2011,19935
6063,2012,19884
6063,2013,19774
6063,2014,19720
6063,2015,19632
6063,2016,19590
6063,2017,19550
6063,2018,19517
6063,2019,19496
6063,2020,19480
6063,2021,19462
6063,2022,19450
6063,2023,19430
6063,2024,19410
6063,2025,19395
6063,2026,19370
6063,2027,19334
6063,2028,19303
6063,2029,19262
6063,2030,19217
6063,2031,19166
6063,2032,19110
6063,2033,19052
6063,2034,18977
6063,2035,18914
6063,2036,18840
6063,2037,18762
6063,2038,18672
6063,2039,18588
6063,2040,18495
6063,2041,18406
6063,2042,18316
6063,2043,18223
6063,2044,18116
6063,2045,18029
6063,2046,17947
6063,2047,17863
6063,2048,17787
6063,2049,17722
6063,2050,17664
6065,1970,461597
6065,1971,477908
6065,1972,490112
6065,1973,504412
6065,1974,519985
6065,1975,534498
6065,1976,550788
6065,1977,578902
6065,1978,611600
6065,1979,638986
6065,1980,669777
6065,1981,696707
6065,1982,725589
6065,1983,755300
6065,1984,793189
6065,1985,836398
6065,1986,888587
6065,1987,949698
6065,1988,1018007
6065,1989,1096498
6065,1990,1188268
6065,1991,1254662
6065,1992,1296441
6065,1993,1328318
6065,1994,1352137
6065,1995,1378777
6065,1996,1404924
6065,1997,1436280
6065,1998,1466539
6065,1999,1514582
6065,2000,1557275
6065,2001,1622449
6065,2002,1688411
6065,2003,1772432
6065,2004,1856879
6065,2005,1934728
6065,2006,2017353
6065,2007,2082656
6065,2008,2122921
6065,2009,2158392
6065,2010,2196103
6065,2011,2228021
6065,2012,2253312
6065,2013,2280356
6065,2014,2307770
6065,2015,2334159
6065,2016,2362271
6065,2017,2392511
6065,2018,2419897
6065,2019,2456153
6065,2020,2493116
6065,2021,2529734
6065,2022,2566545
6065,2023,2603013
6065,2024,2638588
6065,2025,2673924
6065,2026,2708635
6065,2027,2742884
6065,2028,2776936
6065,2029,2810264
6065,2030,2843493
6065,2031,2875792
6065,2032,2907430
6065,2033,2938878
6065,2034,2970309
6065,2035,3001065
6065,2036,3030858
6065,2037,3059990
6065,2038,3088854
6065,2039,3117240
6065,2040,3144874
6065,2041,3171628
6065,2042,3198012
6065,2043,3223537
6065,2044,3248516
6065,2045,3272822
6065,2046,3296669
6065,2047,3319955
6065,2048,3342434
6065,2049,3364667
6065,2050,3386367
6067,1970,636687
6067,1971,651901
6067,1972,663907
6067,1973,674203
6067,1974,682987
6067,1975,691609
6067,1976,709580
6067,1977,726996
6067,1978,744802
6067,1979,766505
6067,1980,787854
6067,1981,806701
6067,1982,832212
6067,1983,852896
6067,1984,869796
6067,1985,890713
6067,1986,918204
6067,1987,951413
6067,1988,981713
6067,1989,1011798
6067,1990,1046860
6067,1991,1080081
6067,1992,1096605
6067,1993,1111093
6067,1994,1116416
6067,1995,1120712
6067,1996,1134680
6067,1997,1149104
6067,1998,1165771
6067,1999,1204647
6067,2000,1230505
6067,2001,1265767
6067,2002,1293483
6067,2003,1320963
6067,2004,1342905
6067,2005,1358171
6067,2006,1372279
6067,2007,1388081
6067,2008,1400931
6067,2009,1411405
6067,2010,1421459
6067,2011,1434097
6067,2012,1445418
6067,2013,1458148
6067,2014,1474705
6067,2015,1490025
6067,2016,1505194
6067,2017,1520685
6067,2018,1534893
6067,2019,1553452
6067,2020,1572195
6067,2021,1591141
6067,2022,1609642
6067,2023,1628426
6067,2024,1647154
6067,2025,1665598
6067,2026,1684245
6067,2027,1702838
6067,2028,1721725
6067,2029,1739908
6067,2030,1758565
6067,2031,1777016
6067,2032,1795539
6067,2033,1814297
6067,2034,1832313
6067,2035,1850265
6067,2036,1868060
6067,2037,1885726
6067,2038,1903634
6067,2039,1921204
6067,2040,1938889
6067,2041,1955922
6067,2042,1972637
6067,2043,1989701
6067,2044,2006467
6067,2045,2023063
6067,2046,2039660
6067,2047,2055903
6067,2048,2072155
6067,2049,2088784
6067,2050,2104947
6069,1970,18366
6069,1971,18978
6069,1972,19496
6069,1973,19986
6069,1974,20502
6069,1975,21421
6069,1976,22002
6069,1977,23026
6069,1978,23810
6069,1979,24398
6069,1980,25200
6069,1981,25791
6069,1982,26698
6069,1983,27515
6069,1984,28603
6069,1985,29884
6069,1986,31408
6069,1987,32681
6069,1988,34112
6069,1989,35923
6069,1990,36887
6069,1991,37883
6069,1992,39840
6069,1993,41009
6069,1994,42267
6069,1995,44353
6069,1996,46030
6069,1997,48468
6069,1998,50230
6069,1999,52199
6069,2000,53646
6069,2001,54703
6069,2002,55201
6069,2003,55462
6069,2004,55288
6069,2005,55163
6069,2006,54899
6069,2007,55005
6069,2008,55050
6069,2009,55096
6069,2010,55467
6069,2011,56008
6069,2012,56684
6069,2013,57342
6069,2014,58048
6069,2015,58673
6069,2016,59550
6069,2017,60291
6069,2018,61260
6069,2019,61782
6069,2020,62346
6069,2021,62928
6069,2022,63550
6069,2023,64190
6069,2024,64841
6069,2025,65507
6069,2026,66218
6069,2027,66936
6069,2028,67663
6069,2029,68396
6069,2030,69120
6069,2031,69858
6069,2032,70579
6069,2033,71311
6069,2034,72021
6069,2035,72719
6069,2036,73403
6069,2037,74072
6069,2038,74719
6069,2039,75335
6069,2040,75941
6069,2041,76523
6069,2042,77106
6069,2043,77689
6069,2044,78253
6069,2045,78814
6069,2046,79362
6069,2047,79882
6069,2048,80395
6069,2049,80904
6069,2050,81405
6071,1970,685294
6071,1971,692227
6071,1972,693398
6071,1973,691986
6071,1974,691102
6071,1975,696804
6071,1976,729692
6071,1977,761995
6071,1978,811798
6071,1979,853287
6071,1980,902201
6071,1981,931796
6071,1982,963977
6071,1983,993516
6071,1984,1023492
6071,1985,1065588
6071,1986,1120808
6071,1987,1189789
6071,1988,1269507
6071,1989,1352995
6071,1990,1432145
6071,1991,1496617
6071,1992,1536453
6071,1993,1556653
6071,1994,1567719
6071,1995,1580788
6071,1996,1601611
6071,1997,1626286
6071,1998,1650571
6071,1999,1683826
6071,2000,1719198
6071,2001,1763782
6071,2002,1800854
6071,2003,1850073
6071,2004,1900207
6071,2005,1942739
6071,2006,1976767
6071,2007,2002650
6071,2008,2016531
6071,2009,2022322
6071,2010,2043503
6071,2011,2065112
6071,2012,2077942
6071,2013,2095207
6071,2014,2112501
6071,2015,2130075
6071,2016,2144867
6071,2017,2163561
6071,2018,2178492
6071,2019,2200426
6071,2020,2223189
6071,2021,2246289
6071,2022,2270101
6071,2023,2294194
6071,2024,2318789
6071,2025,2343418
6071,2026,2368198
6071,2027,2393016
6071,2028,2418173
6071,2029,2443131
6071,2030,2468202
6071,2031,2493753
6071,2032,2519087
6071,2033,2544412
6071,2034,2569798
6071,2035,2594824
6071,2036,2619726
6071,2037,2644840
6071,2038,2669853
6071,2039,2694915
6071,2040,2719790
6071,2041,2744926
6071,2042,2769858
6071,2043,2794931
6071,2044,2819638
6071,2045,2844083
6071,2046,2869323
6071,2047,2894060
6071,2048,2918848
6071,2049,2943857
6071,2050,2968698
6073,1970,1367158
6073,1971,1382516
6073,1972,1429089
6073,1973,1480804
6073,1974,1521397
6073,1975,1594120
6073,1976,1654295
6073,1977,1711298
6073,1978,1773195
6073,1979,1831291
6073,1980,1873285
6073,1981,1921794
6073,1982,1965076
6073,1983,2003516
6073,1984,2055711
6073,1985,2109349
6073,1986,2182931
6073,1987,2260727
6073,1988,2341011
6073,1989,2432807
6073,1990,2504908
6073,1991,2554583
6073,1992,2590269
6073,1993,2597877
6073,1994,2610983
6073,1995,2615187
6073,1996,2627025
6073,1997,2679958
6073,1998,2725710
6073,1999,2776350
6073,2000,2828374
6073,2001,2870098
6073,2002,2910443
6073,2003,2943953
6073,2004,2963392
6073,2005,2970128
6073,2006,2982816
6073,2007,3014169
6073,2008,3051260
6073,2009,3077625
6073,2010,3101068
6073,2011,3135961
6073,2012,3173996
6073,2013,3212859
6073,2014,3249273
6073,2015,3275897
6073,2016,3297202
6073,2017,3320387
6073,2018,3344430
6073,2019,3367373
6073,2020,3390529
6073,2021,3413545
6073,2022,3436669
6073,2023,3459470
6073,2024,3481589
6073,2025,3503674
6073,2026,3524941
6073,2027,3546264
6073,2028,3567246
6073,2029,3587651
6073,2030,3608286
6073,2031,3628364
6073,2032,3648140
6073,2033,3668176
6073,2034,3687643
6073,2035,3706919
6073,2036,3725620
6073,2037,3744771
6073,2038,3763354
6073,2039,3782079
6073,2040,3799752
6073,2041,3817505
6073,2042,3835325
6073,2043,3852996
6073,2044,3869798
6073,2045,3886370
6073,2046,3903458
6073,2047,3919680
6073,2048,3936347
6073,2049,3952187
6073,2050,3966643
6075,1970,713186
6075,1971,712498
6075,1972,705695
6075,1973,704801
6075,1974,699796
6075,1975,695407
6075,1976,689579
6075,1977,683690
6075,1978,681894
6075,1979,678091
6075,1980,680498
6075,1981,686797
6075,1982,695216
6075,1983,704192
6075,1984,713016
6075,1985,727501
6075,1986,737510
6075,1987,735895
6075,1988,730103
6075,1989,724502
6075,1990,723168
6075,1991,725860
6075,1992,731038
6075,1993,742228
6075,1994,743333
6075,1995,739865
6075,1996,744072
6075,1997,749422
6075,1998,758210
6075,1999,766465
6075,2000,778943
6075,2001,782223
6075,2002,783252
6075,2003,781874
6075,2004,780695
6075,2005,779653
6075,2006,782931
6075,2007,791330
6075,2008,798669
6075,2009,801800
6075,2010,809728
6075,2011,820315
6075,2012,833208
6075,2013,845191
6075,2014,854593
6075,2015,864942
6075,2016,872876
6075,2017,880955
6075,2018,887540
6075,2019,895318
6075,2020,903294
6075,2021,911034
6075,2022,918927
6075,2023,926661
6075,2024,934089
6075,2025,941504
6075,2026,948493
6075,2027,955679
6075,2028,962866
6075,2029,969644
6075,2030,976481
6075,2031,983320
6075,2032,989974
6075,2033,996666
6075,2034,1003452
6075,2035,1010187
6075,2036,1016774
6075,2037,1023500
6075,2038,1030070
6075,2039,1036565
6075,2040,1043060
6075,2041,1049825
6075,2042,1056501
6075,2043,1063175
6075,2044,1070046
6075,2045,1076937
6075,2046,1083836
6075,2047,1090986
6075,2048,1097980
6075,2049,1105112
6075,2050,1112421
6077,1970,292116
6077,1971,293104
6077,1972,296399
6077,1973,296113
6077,1974,298802
6077,1975,299393
6077,1976,305400
6077,1977,315698
6077,1978,326900
6077,1979,336802
6077,1980,350164
6077,1981,362002
6077,1982,374088
6077,1983,386705
6077,1984,399807
6077,1985,417192
6077,1986,433697
6077,1987,448783
6077,1988,461407
6077,1989,471497
6077,1990,481924
6077,1991,493977
6077,1992,503278
6077,1993,508324
6077,1994,513755
6077,1995,522080
6077,1996,528635
6077,1997,536476
6077,1998,543761
6077,1999,554691
6077,2000,567744
6077,2001,588579
6077,2002,603548
6077,2003,621119
6077,2004,638518
6077,2005,651625
6077,2006,660880
6077,2007,669739
6077,2008,675240
6077,2009,680419
6077,2010,687990
6077,2011,694454
6077,2012,700705
6077,2013,707177
6077,2014,717846
6077,2015,728472
6077,2016,738761
6077,2017,749810
6077,2018,759186
6077,2019,769930
6077,2020,780750
6077,2021,791500
6077,2022,802534
6077,2023,813542
6077,2024,824559
6077,2025,835476
6077,2026,846493
6077,2027,857355
6077,2028,868006
6077,2029,878803
6077,2030,889779
6077,2031,900587
6077,2032,911018
6077,2033,921513
6077,2034,931852
6077,2035,941975
6077,2036,951695
6077,2037,961521
6077,2038,971122
6077,2039,980589
6077,2040,990081
6077,2041,999164
6077,2042,1007999
6077,2043,1016567
6077,2044,1025139
6077,2045,1033653
6077,2046,1041807
6077,2047,1049836
6077,2048,1057662
6077,2049,1064940
6077,2050,1072338
6079,1970,106591
6079,1971,110790
6079,1972,114302
6079,1973,120113
6079,1974,127402
6079,1975,130714
6079,1976,134694
6079,1977,140396
6079,1978,145887
6079,1979,151185
6079,1980,156541
6079,1981,161809
6079,1982,166209
6079,1983,170812
6079,1984,176703
6079,1985,184243
6079,1986,190686
6079,1987,197115
6079,1988,201399
6079,1989,210504
6079,1990,217787
6079,1991,220806
6079,1992,223065
6079,1993,225961
6079,1994,228088
6079,1995,230208
6079,1996,233516
6079,1997,237836
6079,1998,240417
6079,1999,243729
6079,2000,247726
6079,2001,251648
6079,2002,253542
6079,2003,255607
6079,2004,258478
6079,2005,259943
6079,2006,261800
6079,2007,264160
6079,2008,266843
6079,2009,268228
6079,2010,269044
6079,2011,270401
6079,2012,272643
6079,2013,273992
6079,2014,276277
6079,2015,276859
6079,2016,278364
6079,2017,278680
6079,2018,279370
6079,2019,281037
6079,2020,282744
6079,2021,284381
6079,2022,285948
6079,2023,287538
6079,2024,288885
6079,2025,290341
6079,2026,291728
6079,2027,293129
6079,2028,294463
6079,2029,295642
6079,2030,296782
6079,2031,298087
6079,2032,299277
6079,2033,300237
6079,2034,301225
6079,2035,302046
6079,2036,302955
6079,2037,303623
6079,2038,304245
6079,2039,304599
6079,2040,304934
6079,2041,305170
6079,2042,305275
6079,2043,305329
6079,2044,305291
6079,2045,305341
6079,2046,305193
6079,2047,304855
6079,2048,304690
6079,2049,304419
6079,2050,304179
6081,1970,557090
6081,1971,560217
6081,1972,561815
6081,1973,567100
6081,1974,573900
6081,1975,581982
6081,1976,579488
6081,1977,582999
6081,1978,582904
6081,1979,585881
6081,1980,588098
6081,1981,591020
6081,1982,594512
6081,1983,604492
6081,1984,611194
6081,1985,617296
6081,1986,619402
6081,1987,625703
6081,1988,633688
6081,1989,642608
6081,1990,648155
6081,1991,653921
6081,1992,661982
6081,1993,666790
6081,1994,670615
6081,1995,675914
6081,1996,679931
6081,1997,690387
6081,1998,695779
6081,1999,700819
6081,2000,708387
6081,2001,707457
6081,2002,704895
6081,2003,703061
6081,2004,701403
6081,2005,699277
6081,2006,699401
6081,2007,704274
6081,2008,711382
6081,2009,716266
6081,2010,720660
6081,2011,729485
6081,2012,740902
6081,2013,750115
6081,2014,757061
6081,2015,764850
6081,2016,768573
6081,2017,771902
6081,2018,774159
6081,2019,779896
6081,2020,785650
6081,2021,791174
6081,2022,796332
6081,2023,801484
6081,2024,806545
6081,2025,811466
6081,2026,816315
6081,2027,820805
6081,2028,825253
6081,2029,829705
6081,2030,833868
6081,2031,837899
6081,2032,842110
6081,2033,845999
6081,2034,850023
6081,2035,853822
6081,2036,857459
6081,2037,861283
6081,2038,864944
6081,2039,868329
6081,2040,871794
6081,2041,875127
6081,2042,878550
6081,2043,881612
6081,2044,884856
6081,2045,887841
6081,2046,890948
6081,2047,893610
6081,2048,896352
6081,2049,898923
6081,2050,901689
6083,1970,265795
6083,1971,269810
6083,1972,271213
6083,1973,274802
6083,1974,279617
6083,1975,281112
6083,1976,288892
6083,1977,290593
6083,1978,293307
6083,1979,295701
6083,1980,299959
6083,1981,306111
6083,1982,313489
6083,1983,322802
6083,1984,329204
6083,1985,338208
6083,1986,345101
6083,1987,351196
6083,1988,354593
6083,1989,364698
6083,1990,368943
6083,1991,374847
6083,1992,378512
6083,1993,378410
6083,1994,381040
6083,1995,383728
6083,1996,384867
6083,1997,390499
6083,1998,392008
6083,1999,394889
6083,2000,399882
6083,2001,403435
6083,2002,406126
6083,2003,409504
6083,2004,411194
6083,2005,411685
6083,2006,412854
6083,2007,416645
6083,2008,419963
6083,2009,422424
6083,2010,423560
6083,2011,425331
6083,2012,430269
6083,2013,435844
6083,2014,440184
6083,2015,444533
6083,2016,447386
6083,2017,450138
6083,2018,453288
6083,2019,456514
6083,2020,459787
6083,2021,462936
6083,2022,466038
6083,2023,469037
6083,2024,472151
6083,2025,475197
6083,2026,478314
6083,2027,481273
6083,2028,483915
6083,2029,486727
6083,2030,489554
6083,2031,492352
6083,2032,495356
6083,2033,498024
6083,2034,500479
6083,2035,503058
6083,2036,505420
6083,2037,507748
6083,2038,510041
6083,2039,512238
6083,2040,514283
6083,2041,516365
6083,2042,518325
6083,2043,520218
6083,2044,521971
6083,2045,523778
6083,2046,525197
6083,2047,526663
6083,2048,528118
6083,2049,529659
6083,2050,530941
6085,1970,1072585
6085,1971,1095506
6085,1972,1118092
6085,1973,1142807
6085,1974,1160012
6085,1975,1180283
6085,1976,1214813
6085,1977,1232502
6085,1978,1253600
6085,1979,1275081
6085,1980,1300182
6085,1981,1322412
6085,1982,1341593
6085,1983,1368984
6085,1984,1389085
6085,1985,1410480
6085,1986,1419600
6085,1987,1433798
6085,1988,1456598
6085,1989,1485388
6085,1990,1495307
6085,1991,1508042
6085,1992,1530222
6085,1993,1553938
6085,1994,1562972
6085,1995,1573457
6085,1996,1599302
6085,1997,1626146
6085,1998,1650414
6085,1999,1665584
6085,2000,1687414
6085,2001,1693177
6085,2002,1693162
6085,2003,1694205
6085,2004,1696912
6085,2005,1699521
6085,2006,1713845
6085,2007,1736332
6085,2008,1759540
6085,2009,1774891
6085,2010,1790141
6085,2011,1814150
6085,2012,1840621
6085,2013,1869134
6085,2014,1893579
6085,2015,1919845
6085,2016,1933775
6085,2017,1945911
6085,2018,1956579
6085,2019,1976645
6085,2020,1996394
6085,2021,2015929
6085,2022,2035541
6085,2023,2054682
6085,2024,2074126
6085,2025,2093506
6085,2026,2112848
6085,2027,2132800
6085,2028,2153074
6085,2029,2173855
6085,2030,2194079
6085,2031,2214739
6085,2032,2236122
6085,2033,2257104
6085,2034,2277841
6085,2035,2298794
6085,2036,2319593
6085,2037,2340507
6085,2038,2361650
6085,2039,2382922
6085,2040,2403756
6085,2041,2423990
6085,2042,2444590
6085,2043,2464565
6085,2044,2484193
6085,2045,2503488
6085,2046,2522638
6085,2047,2541518
6085,2048,2559708
6085,2049,2577489
6085,2050,2594871
6087,1970,124483
6087,1971,131004
6087,1972,139500
6087,1973,145899
6087,1974,150807
6087,1975,156141
6087,1976,165876
6087,1977,173202
6087,1978,179299
6087,1979,183806
6087,1980,189042
6087,1981,193003
6087,1982,196110
6087,1983,200110
6087,1984,203413
6087,1985,208505
6087,1986,212904
6087,1987,217212
6087,1988,220990
6087,1989,227688
6087,1990,229314
6087,1991,231248
6087,1992,233918
6087,1993,236230
6087,1994,238553
6087,1995,241190
6087,1996,243390
6087,1997,246942
6087,1998,249879
6087,1999,253232
6087,2000,255864
6087,2001,256158
6087,2002,255589
6087,2003,255118
6087,2004,254843
6087,2005,254723
6087,2006,255483
6087,2007,257602
6087,2008,259875
6087,2009,261910
6087,2010,262426
6087,2011,265337
6087,2012,267875
6087,2013,271026
6087,2014,272027
6087,2015,274691
6087,2016,275790
6087,2017,275859
6087,2018,275221
6087,2019,277038
6087,2020,278997
6087,2021,280771
6087,2022,282642
6087,2023,284465
6087,2024,286350
6087,2025,288239
6087,2026,289929
6087,2027,291611
6087,2028,293319
6087,2029,295026
6087,2030,296728
6087,2031,298361
6087,2032,299981
6087,2033,301570
6087,2034,303044
6087,2035,304446
6087,2036,305797
6087,2037,307159
6087,2038,308419
6087,2039,309720
6087,2040,310777
6087,2041,312012
6087,2042,312836
6087,2043,313870
6087,2044,314869
6087,2045,315839
6087,2046,316718
6087,2047,317519
6087,2048,318325
6087,2049,319272
6087,2050,320061
6089,1970,77968
6089,1971,80620
6089,1972,82718
6089,1973,86600
6089,1974,90390
6089,1975,92382
6089,1976,94774
6089,1977,100894
6089,1978,107174
6089,1979,112864
6089,1980,116533
6089,1981,120501
6089,1982,121810
6089,1983,123201
6089,1984,125807
6089,1985,129100
6089,1986,131197
6089,1987,134191
6089,1988,138201
6089,1989,141808
6089,1990,147968
6089,1991,153758
6089,1992,156491
6089,1993,158043
6089,1994,159023
6089,1995,159719
6089,1996,160016
6089,1997,161175
6089,1998,161883
6089,1999,162168
6089,2000,164147
6089,2001,167031
6089,2002,169577
6089,2003,171978
6089,2004,173478
6089,2005,174252
6089,2006,175236
6089,2007,175849
6089,2008,176630
6089,2009,176889
6089,2010,177133
6089,2011,177429
6089,2012,177907
6089,2013,178950
6089,2014,179146
6089,2015,178584
6089,2016,177742
6089,2017,178240
6089,2018,178262
6089,2019,178781
6089,2020,179412
6089,2021,180185
6089,2022,180979
6089,2023,181809
6089,2024,182656
6089,2025,183502
6089,2026,184398
6089,2027,185314
6089,2028,186292
6089,2029,187230
6089,2030,188154
6089,2031,189224
6089,2032,190225
6089,2033,191220
6089,2034,192003
6089,2035,192821
6089,2036,193676
6089,2037,194509
6089,2038,195256
6089,2039,195956
6089,2040,196726
6089,2041,197311
6089,2042,198061
6089,2043,198695
6089,2044,199447
6089,2045,200050
6089,2046,200885
6089,2047,201586
6089,2048,202195
6089,2049,202968
6089,2050,203729
6091,1970,2418
6091,1971,2501
6091,1972,2599
6091,1973,2669
6091,1974,2789
6091,1975,2766
6091,1976,2974
6091,1977,2968
6091,1978,3075
6091,1979,3081
6091,1980,3073
6091,1981,3099
6091,1982,3202
6091,1983,3194
6091,1984,3202
6091,1985,3216
6091,1986,3190
6091,1987,3197
6091,1988,3292
6091,1989,3202
6091,1990,3312
6091,1991,3318
6091,1992,3353
6091,1993,3455
6091,1994,3475
6091,1995,3541
6091,1996,3594
6091,1997,3580
6091,1998,3623
6091,1999,3522
6091,2000,3619
6091,2001,3580
6091,2002,3561
6091,2003,3550
6091,2004,3471
6091,2005,3430
6091,2006,3429
6091,2007,3344
6091,2008,3278
6091,2009,3246
6091,2010,3233
6091,2011,3223
6091,2012,3208
6091,2013,3192
6091,2014,3171
6091,2015,3152
6091,2016,3147
6091,2017,3149
6091,2018,3153
6091,2019,3145
6091,2020,3142
6091,2021,3135
6091,2022,3131
6091,2023,3128
6091,2024,3125
6091,2025,3119
6091,2026,3113
6091,2027,3109
6091,2028,3102
6091,2029,3094
6091,2030,3087
6091,2031,3083
6091,2032,3079
6091,2033,3073
6091,2034,3065
6091,2035,3054
6091,2036,3043
6091,2037,3033
6091,2038,3017
6091,2039,3005
6091,2040,2993
6091,2041,2978
6091,2042,2964
6091,2043,2952
6091,2044,2936
6091,2045,2924
6091,2046,2907
6091,2047,2894
6091,2048,2884
6091,2049,2874
6091,2050,2865
6093,1970,33201
6093,1971,33524
6093,1972,34108
6093,1973,34702
6093,1974,35105
6093,1975,35372
6093,1976,35591
6093,1977,36672
6093,1978,37656
6093,1979,38772
6093,1980,39948
6093,1981,40698
6093,1982,41221
6093,1983,41098
6093,1984,41196
6093,1985,41528
6093,1986,41074
6093,1987,41307
6093,1988,42004
6093,1989,42796
6093,1990,43616
6093,1991,44022
6093,1992,44245
6093,1993,44708
6093,1994,45065
6093,1995,44977
6093,1996,44524
6093,1997,44860
6093,1998,44424
6093,1999,44233
6093,2000,44380
6093,2001,44277
6093,2002,44395
6093,2003,44602
6093,2004,44778
6093,2005,44943
6093,2006,44893
6093,2007,44869
6093,2008,45042
6093,2009,44951
6093,2010,44855
6093,2011,44885
6093,2012,44861
6093,2013,44750
6093,2014,44709
6093,2015,44540
6093,2016,44418
6093,2017,44240
6093,2018,44082
6093,2019,44101
6093,2020,44130
6093,2021,44174
6093,2022,44206
6093,2023,44248
6093,2024,44276
6093,2025,44320
6093,2026,44367
6093,2027,44417
6093,2028,44449
6093,2029,44479
6093,2030,44511
6093,2031,44540
6093,2032,44558
6093,2033,44579
6093,2034,44568
6093,2035,44549
6093,2036,44540
6093,2037,44517
6093,2038,44481
6093,2039,44448
6093,2040,44391
6093,2041,44346
6093,2042,44297
6093,2043,44244
6093,2044,44209
6093,2045,44178
6093,2046,44141
6093,2047,44113
6093,2048,44102
6093,2049,44105
6093,2050,44114
6095,1970,172473
6095,1971,179209
6095,1972,182299
6095,1973,181293
6095,1974,183806
6095,1975,188017
6095,1976,195609
6095,1977,203397
6095,1978,212583
6095,1979,224386
6095,1980,237170
6095,1981,246119
6095,1982,255014
6095,1983,261601
6095,1984,265603
6095,1985,273285
6095,1986,284790
6095,1987,297799
6095,1988,310407
6095,1989,325189
6095,1990,342466
6095,1991,356392
6095,1992,361934
6095,1993,367310
6095,1994,368752
6095,1995,367712
6095,1996,368534
6095,1997,374224
6095,1998,380005
6095,1999,388617
6095,2000,395997
6095,2001,402971
6095,2002,406820
6095,2003,408927
6095,2004,411380
6095,2005,410566
6095,2006,411355
6095,2007,412636
6095,2008,413167
6095,2009,412485
6095,2010,412507
6095,2011,414707
6095,2012,417567
6095,2013,421413
6095,2014,425727
6095,2015,429477
6095,2016,433661
6095,2017,437434
6095,2018,439472
6095,2019,444507
6095,2020,449432
6095,2021,454593
6095,2022,459669
6095,2023,464862
6095,2024,469863
6095,2025,474911
6095,2026,479815
6095,2027,484887
6095,2028,489770
6095,2029,494754
6095,2030,499633
6095,2031,504545
6095,2032,509689
6095,2033,514541
6095,2034,519496
6095,2035,524285
6095,2036,529081
6095,2037,533790
6095,2038,538446
6095,2039,542905
6095,2040,547287
6095,2041,551638
6095,2042,555976
6095,2043,560187
6095,2044,564313
6095,2045,568398
6095,2046,572213
6095,2047,576173
6095,2048,580201
6095,2049,583886
6095,2050,587723
6097,1970,206488
6097,1971,214302
6097,1972,224220
6097,1973,234714
6097,1974,243703
6097,1975,247096
6097,1976,257006
6097,1977,271988
6097,1978,283881
6097,1979,291885
6097,1980,301353
6097,1981,308714
6097,1982,314308
6097,1983,320813
6097,1984,325616
6097,1985,333589
6097,1986,343488
6097,1987,353807
6097,1988,365498
6097,1989,377175
6097,1990,389464
6097,1991,398644
6097,1992,407013
6097,1993,414562
6097,1994,419012
6097,1995,424335
6097,1996,429650
6097,1997,438573
6097,1998,445446
6097,1999,453492
6097,2000,460479
6097,2001,465425
6097,2002,465998
6097,2003,468254
6097,2004,469930
6097,2005,469516
6097,2006,469973
6097,2007,472990
6097,2008,476655
6097,2009,480601
6097,2010,483555
6097,2011,486777
6097,2012,489679
6097,2013,495258
6097,2014,498370
6097,2015,501331
6097,2016,503452
6097,2017,503634
6097,2018,501427
6097,2019,504499
6097,2020,508017
6097,2021,511363
6097,2022,514962
6097,2023,518482
6097,2024,522062
6097,2025,525746
6097,2026,529420
6097,2027,533005
6097,2028,536490
6097,2029,539919
6097,2030,543369
6097,2031,546700
6097,2032,550150
6097,2033,553463
6097,2034,556545
6097,2035,559638
6097,2036,562412
6097,2037,565087
6097,2038,567702
6097,2039,569979
6097,2040,572125
6097,2041,573920
6097,2042,575693
6097,2043,577493
6097,2044,579194
6097,2045,580670
6097,2046,581806
6097,2047,582994
6097,2048,584114
6097,2049,584971
6097,2050,585935
6099,1970,195783
6099,1971,201711
6099,1972,208099
6099,1973,213106
6099,1974,219627
6099,1975,224577
6099,1976,233084
6099,1977,245010
6099,1978,253700
6099,1979,260790
6099,1980,267676
6099,1981,275517
6099,1982,281110
6099,1983,289101
6099,1984,294516
6099,1985,301981
6099,1986,312612
6099,1987,325181
6099,1988,338300
6099,1989,354186
6099,1990,373642
6099,1991,388113
6099,1992,397334
6099,1993,405848
6099,1994,410694
6099,1995,415304
6099,1996,419617
6099,1997,426723
6099,1998,431358
6099,1999,440904
6099,2000,449765
6099,2001,463127
6099,2002,473592
6099,2003,483006
6099,2004,490279
6099,2005,498014
6099,2006,503544
6099,2007,508372
6099,2008,510392
6099,2009,512050
6099,2010,515949
6099,2011,519022
6099,2012,523790
6099,2013,528617
6099,2014,531972
6099,2015,537874
6099,2016,543561
6099,2017,550505
6099,2018,554703
6099,2019,561141
6099,2020,567502
6099,2021,573689
6099,2022,579977
6099,2023,586526
6099,2024,592912
6099,2025,599243
6099,2026,605666
6099,2027,612237
6099,2028,618823
6099,2029,625389
6099,2030,631755
6099,2031,638102
6099,2032,644729
6099,2033,651020
6099,2034,657145
6099,2035,663310
6099,2036,669150
6099,2037,675028
6099,2038,680806
6099,2039,686270
6099,2040,691659
6099,2041,696860
6099,2042,702071
6099,2043,707235
6099,2044,712157
6099,2045,717192
6099,2046,721842
6099,2047,726397
6099,2048,730882
6099,2049,735428
6099,2050,739734
6101,1970,42062
6101,1971,42880
6101,1972,43490
6101,1973,44805
6101,1974,45415
6101,1975,46411
6101,1976,47983
6101,1977,48979
6101,1978,50284
6101,1979,51715
6101,1980,52537
6101,1981,53902
6101,1982,55309
6101,1983,56899
6101,1984,56812
6101,1985,57801
6101,1986,58590
6101,1987,59882
6101,1988,61191
6101,1989,62407
6101,1990,64813
6101,1991,67544
6101,1992,69691
6101,1993,71466
6101,1994,72905
6101,1995,74128
6101,1996,74983
6101,1997,76376
6101,1998,76851
6101,1999,78006
6101,2000,79195
6101,2001,80235
6101,2002,81932
6101,2003,84118
6101,2004,86093
6101,2005,88103
6101,2006,90631
6101,2007,92500
6101,2008,93462
6101,2009,94371
6101,2010,94857
6101,2011,95389
6101,2012,95753
6101,2013,96305
6101,2014,96865
6101,2015,97341
6101,2016,97936
6101,2017,98342
6101,2018,98735
6101,2019,99543
6101,2020,100345
6101,2021,101199
6101,2022,102132
6101,2023,102908
6101,2024,103816
6101,2025,104819
6101,2026,105758
6101,2027,106703
6101,2028,107693
6101,2029,108654
6101,2030,109678
6101,2031,110729
6101,2032,111734
6101,2033,112626
6101,2034,113643
6101,2035,114697
6101,2036,115655
6101,2037,116558
6101,2038,117459
6101,2039,118460
6101,2040,119312
6101,2041,120291
6101,2042,121262
6101,2043,122093
6101,2044,122980
6101,2045,123912
6101,2046,124766
6101,2047,125637
6101,2048,126516
6101,2049,127384
6101,2050,128236
6103,1970,29566
6103,1971,30209
6103,1972,30509
6103,1973,31086
6103,1974,32116
6103,1975,32693
6103,1976,33381
6103,1977,34486
6103,1978,35787
6103,1979,37204
6103,1980,39095
6103,1981,40181
6103,1982,41184
6103,1983,42074
6103,1984,42988
6103,1985,44049
6103,1986,44618
6103,1987,45714
6103,1988,46903
6103,1989,48021
6103,1990,49838
6103,1991,51570
6103,1992,52750
6103,1993,53161
6103,1994,53833
6103,1995,54564
6103,1996,54625
6103,1997,55164
6103,1998,55333
6103,1999,55563
6103,2000,55829
6103,2001,56462
6103,2002,57286
6103,2003,58418
6103,2004,59495
6103,2005,60462
6103,2006,61546
6103,2007,62014
6103,2008,62718
6103,2009,63121
6103,2010,63533
6103,2011,63659
6103,2012,63760
6103,2013,63753
6103,2014,63932
6103,2015,64113
6103,2016,64336
6103,2017,64407
6103,2018,64532
6103,2019,64751
6103,2020,64994
6103,2021,65266
6103,2022,65545
6103,2023,65857
6103,2024,66177
6103,2025,66512
6103,2026,66852
6103,2027,67212
6103,2028,67560
6103,2029,67927
6103,2030,68310
6103,2031,68688
6103,2032,69078
6103,2033,69458
6103,2034,69823
6103,2035,70173
6103,2036,70523
6103,2037,70864
6103,2038,71168
6103,2039,71468
6103,2040,71782
6103,2041,72075
6103,2042,72360
6103,2043,72662
6103,2044,72968
6103,2045,73270
6103,2046,73569
6103,2047,73872
6103,2048,74196
6103,2049,74531
6103,2050,74852
6105,1970,7562
6105,1971,7884
6105,1972,8471
6105,1973,8877
6105,1974,9422
6105,1975,9803
6105,1976,10283
6105,1977,10686
6105,1978,11292
6105,1979,11692
6105,1980,11997
6105,1981,12288
6105,1982,12287
6105,1983,12388
6105,1984,12602
6105,1985,12855
6105,1986,12696
6105,1987,12603
6105,1988,13000
6105,1989,12990
6105,1990,13018
6105,1991,13083
6105,1992,13263
6105,1993,13332
6105,1994,13550
6105,1995,13470
6105,1996,13415
6105,1997,13256
6105,1998,13183
6105,1999,13041
6105,2000,12956
6105,2001,12959
6105,2002,13158
6105,2003,13383
6105,2004,13513
6105,2005,13788
6105,2006,13818
6105,2007,13784
6105,2008,13728
6105,2009,13768
6105,2010,13798
6105,2011,13732
6105,2012,13731
6105,2013,13685
6105,2014,13626
6105,2015,13556
6105,2016,13489
6105,2017,13453
6105,2018,13407
6105,2019,13407
6105,2020,13414
6105,2021,13415
6105,2022,13415
6105,2023,13420
6105,2024,13420
6105,2025,13417
6105,2026,13420
6105,2027,13413
6105,2028,13409
6105,2029,13406
6105,2030,13400
6105,2031,13387
6105,2032,13375
6105,2033,13365
6105,2034,13354
6105,2035,13336
6105,2036,13327
6105,2037,13319
6105,2038,13307
6105,2039,13298
6105,2040,13297
6105,2041,13301
6105,2042,13304
6105,2043,13306
6105,2044,13311
6105,2045,13325
6105,2046,13343
6105,2047,13363
6105,2048,13388
6105,2049,13430
6105,2050,13476
6107,1970,189397
6107,1971,195203
6107,1972,200505
6107,1973,204817
6107,1974,210322
6107,1975,216391
6107,1976,220482
6107,1977,227193
6107,1978,233994
6107,1979,240289
6107,1980,247332
6107,1981,254005
6107,1982,260200
6107,1983,267601
6107,1984,273808
6107,1985,280613
6107,1986,286580
6107,1987,292693
6107,1988,299186
6107,1989,303981
6107,1990,313120
6107,1991,323844
6107,1992,332179
6107,1993,338722
6107,1994,344234
6107,1995,350859
6107,1996,352947
6107,1997,357245
6107,1998,360042
6107,1999,364203
6107,2000,368803
6107,2001,374154
6107,2002,381189
6107,2003,390374
6107,2004,399912
6107,2005,408409
6107,2006,416093
6107,2007,423605
6107,2008,431475
6107,2009,438408
6107,2010,442337
6107,2011,447361
6107,2012,452027
6107,2013,456447
6107,2014,460125
6107,2015,464567
6107,2016,468232
6107,2017,472416
6107,2018,476909
6107,2019,481804
6107,2020,486677
6107,2021,491671
6107,2022,496747
6107,2023,501799
6107,2024,506888
6107,2025,511971
6107,2026,517011
6107,2027,522351
6107,2028,527797
6107,2029,533260
6107,2030,538641
6107,2031,544046
6107,2032,549394
6107,2033,554910
6107,2034,560231
6107,2035,565692
6107,2036,571017
6107,2037,576055
6107,2038,581318
6107,2039,586423
6107,2040,591388
6107,2041,596290
6107,2042,601237
6107,2043,606067
6107,2044,610777
6107,2045,615490
6107,2046,619984
6107,2047,624341
6107,2048,628946
6107,2049,632981
6107,2050,637129
6109,1970,22301
6109,1971,23012
6109,1972,23798
6109,1973,24725
6109,1974,25194
6109,1975,26581
6109,1976,26894
6109,1977,28703
6109,1978,30801
6109,1979,33006
6109,1980,34152
6109,1981,35302
6109,1982,36306
6109,1983,37310
6109,1984,38098
6109,1985,39914
6109,1986,41703
6109,1987,43904
6109,1988,45409
6109,1989,47019
6109,1990,48719
6109,1991,50410
6109,1992,51100
6109,1993,52172
6109,1994,52585
6109,1995,52205
6109,1996,52562
6109,1997,53318
6109,1998,53954
6109,1999,54117
6109,2000,54590
6109,2001,55328
6109,2002,55913
6109,2003,56441
6109,2004,56375
6109,2005,56453
6109,2006,56557
6109,2007,56141
6109,2008,56058
6109,2009,55256
6109,2010,55240
6109,2011,54980
6109,2012,53965
6109,2013,54349
6109,2014,53823
6109,2015,53531
6109,2016,53291
6109,2017,52862
6109,2018,52790
6109,2019,52764
6109,2020,52771
6109,2021,52799
6109,2022,52848
6109,2023,52928
6109,2024,53016
6109,2025,53099
6109,2026,53197
6109,2027,53300
6109,2028,53427
6109,2029,53550
6109,2030,53681
6109,2031,53801
6109,2032,53926
6109,2033,54028
6109,2034,54120
6109,2035,54198
6109,2036,54269
6109,2037,54322
6109,2038,54388
6109,2039,54424
6109,2040,54441
6109,2041,54463
6109,2042,54467
6109,2043,54456
6109,2044,54460
6109,2045,54480
6109,2046,54508
6109,2047,54524
6109,2048,54570
6109,2049,54612
6109,2050,54656
6111,1970,381354
6111,1971,394112
6111,1972,406307
6111,1973,417900
6111,1974,428303
6111,1975,440702
6111,1976,459002
6111,1977,476084
6111,1978,494887
6111,1979,510105
6111,1980,532208
6111,1981,544901
6111,1982,559523
6111,1983,572118
6111,1984,584211
6111,1985,596871
6111,1986,611198
6111,1987,627000
6111,1988,645001
6111,1989,661994
6111,1990,669102
6111,1991,676946
6111,1992,686308
6111,1993,693761
6111,1994,700559
6111,1995,705074
6111,1996,710439
6111,1997,721652
6111,1998,729086
6111,1999,742828
6111,2000,756905
6111,2001,768992
6111,2002,779899
6111,2003,789366
6111,2004,795049
6111,2005,796869
6111,2006,801234
6111,2007,805912
6111,2008,812028
6111,2009,818545
6111,2010,824437
6111,2011,831670
6111,2012,836887
6111,2013,844358
6111,2014,848614
6111,2015,852778
6111,2016,853901
6111,2017,854987
6111,2018,855489
6111,2019,859345
6111,2020,863528
6111,2021,867790
6111,2022,872065
6111,2023,876697
6111,2024,881340
6111,2025,886029
6111,2026,890820
6111,2027,895625
6111,2028,900379
6111,2029,905107
6111,2030,909779
6111,2031,914588
6111,2032,919287
6111,2033,923838
6111,2034,928233
6111,2035,932262
6111,2036,936165
6111,2037,939788
6111,2038,943332
6111,2039,946589
6111,2040,949577
6111,2041,952346
6111,2042,955223
6111,2043,957443
6111,2044,959258
6111,2045,961079
6111,2046,962656
6111,2047,964089
6111,2048,965359
6111,2049,966332
6111,2050,967067
6113,1970,92655
6113,1971,93617
6113,1972,95895
6113,1973,96819
6113,1974,98718
6113,1975,101711
6113,1976,106495
6113,1977,108091
6113,1978,109813
6113,1979,111590
6113,1980,113858
6113,1981,115022
6113,1982,117605
6113,1983,119030
6113,1984,120309
6113,1985,123503
6113,1986,124993
6113,1987,128190
6113,1988,132892
6113,1989,137093
6113,1990,141771
6113,1991,145867
6113,1992,148536
6113,1993,149502
6113,1994,151231
6113,1995,154576
6113,1996,156810
6113,1997,159776
6113,1998,161643
6113,1999,165336
6113,2000,169818
6113,2001,175109
6113,2002,179265
6113,2003,182335
6113,2004,185707
6113,2005,187354
6113,2006,190814
6113,2007,194858
6113,2008,197585
6113,2009,199694
6113,2010,202391
6113,2011,203086
6113,2012,205756
6113,2013,208571
6113,2014,210082
6113,2015,213016
6113,2016,216834
6113,2017,219758
6113,2018,221557
6113,2019,224555
6113,2020,227595
6113,2021,230628
6113,2022,233863
6113,2023,236988
6113,2024,239992
6113,2025,243237
6113,2026,246325
6113,2027,249575
6113,2028,252817
6113,2029,256117
6113,2030,259339
6113,2031,262638
6113,2032,266039
6113,2033,269370
6113,2034,272824
6113,2035,276308
6113,2036,279709
6113,2037,283150
6113,2038,286625
6113,2039,290064
6113,2040,293502
6113,2041,297016
6113,2042,300488
6113,2043,303940
6113,2044,307421
6113,2045,310871
6113,2046,314287
6113,2047,317808
6113,2048,321214
6113,2049,324656
6113,2050,327994
6115,1970,44365
6115,1971,45300
6115,1972,45288
6115,1973,44802
6115,1974,43811
6115,1975,45174
6115,1976,46700
6115,1977,47604
6115,1978,48690
6115,1979,49302
6115,1980,49799
6115,1981,49909
6115,1982,51092
6115,1983,51703
6115,1984,52320
6115,1985,53084
6115,1986,53603
6115,1987,54600
6115,1988,55789
6115,1989,56680
6115,1990,58583
6115,1991,60130
6115,1992,61347
6115,1993,61658
6115,1994,61940
6115,1995,61870
6115,1996,61593
6115,1997,62001
6115,1998,60719
6115,1999,60184
6115,2000,60331
6115,2001,61428
6115,2002,62740
6115,2003,63959
6115,2004,65244
6115,2005,67715
6115,2006,69215
6115,2007,70228
6115,2008,71420
6115,2009,71790
6115,2010,72312
6115,2011,72790
6115,2012,73099
6115,2013,73392
6115,2014,73876
6115,2015,74529
6115,2016,75429
6115,2017,76767
6115,2018,77494
6115,2019,78240
6115,2020,79001
6115,2021,79754
6115,2022,80511
6115,2023,81257
6115,2024,81989
6115,2025,82699
6115,2026,83410
6115,2027,84127
6115,2028,84810
6115,2029,85505
6115,2030,86183
6115,2031,86868
6115,2032,87551
6115,2033,88218
6115,2034,88867
6115,2035,89506
6115,2036,90128
6115,2037,90742
6115,2038,91363
6115,2039,91957
6115,2040,92542
6115,2041,93107
6115,2042,93665
6115,2043,94197
6115,2044,94730
6115,2045,95231
6115,2046,95724
6115,2047,96211
6115,2048,96676
6115,2049,97143
6115,2050,97572
